Fecha;Total Dosis 1;Total Dosis 2;Total Dosis R;1era Dosis Sinovac;2da Dosis Sinovac;Refuerzo Dosis Sinovac;1era Dosis Pfizer;2da Dosis Pfizer;Refuerzo Dosis Pfizer;1era Dosis Astrazeneca;2da Dosis Astrazeneca;Refuerzo Dosis Astrazeneca;Montevideo Dosis 1;Montevideo Dosis 2;Montevideo Dosis R;Artigas Dosis 1;Artigas Dosis 2;Artigas Dosis R;Canelones Dosis 1;Canelones Dosis 2;Canelones Dosis R;Cerro Largo Dosis 1;Cerro Largo Dosis 2;Cerro Largo Dosis R;Colonia Dosis 1;Colonia Dosis 2;Colonia Dosis R;Durazno Dosis 1;Durazno Dosis 2;Durazno Dosis R;Flores Dosis 1;Flores Dosis 2;Flores Dosis R;Florida Dosis 1;Florida Dosis 2;Florida Dosis R;Lavalleja Dosis 1;Lavalleja Dosis 2;Lavalleja Dosis R;Maldonado Dosis 1;Maldonado Dosis 2;Maldonado Dosis R;Paysandú Dosis 1;Paysandú Dosis 2;Paysandú Dosis R;Río Negro Dosis 1;Río Negro Dosis 2;Río Negro Dosis R;Rivera Dosis 1;Rivera Dosis 2;Rivera Dosis R;Rocha Dosis 1;Rocha Dosis 2;Rocha Dosis R;Salto Dosis 1;Salto Dosis 2;Salto Dosis R;San José Dosis 1;San José Dosis 2;San José Dosis R;Soriano Dosis 1;Soriano Dosis 2;Soriano Dosis R;Tacuarembó Dosis 1;Tacuarembó Dosis 2;Tacuarembó Dosis R;Treinta y Tres Dosis 1;Treinta y Tres Dosis 2;Treinta y Tres Dosis R;Departamento Sin Datos;Rango 12-14 Dosis 1;Rango 12-14 Dosis 2;Rango 12-14 Dosis R;Rango 15-19 Dosis 1;Rango 15-19 Dosis 2;Rango 15-19 Dosis R;Rango 20-24 Dosis 1;Rango 20-24 Dosis 2;Rango 20-24 Dosis R;Rango 25-34 Dosis 1;Rango 25-34 Dosis 2;Rango 25-34 Dosis R;Rango 35-44 Dosis 1;Rango 35-44 Dosis 2;Rango 35-44 Dosis R;Rango 45-54 Dosis 1;Rango 45-54 Dosis 2;Rango 45-54 Dosis R;Rango 55-64 Dosis 1;Rango 55-64 Dosis 2;Rango 55-64 Dosis R;Rango 65-74 Dosis 1;Rango 65-74 Dosis 2;Rango 65-74 Dosis R;Rango Mayor 75 Dosis 1;Rango Mayor 75 Dosis 2;Rango Mayor 75 Dosis R;Rango Sin Datos
01/09/2021;2777;4846;33821;6;73;35;2771;4773;33786;0;0;0;429;1761;14274;45;50;1040;586;949;4064;47;188;577;165;207;679;26;55;1325;11;70;464;4;18;748;37;33;628;63;54;2272;42;356;651;14;26;551;953;46;920;143;198;1248;76;594;1080;72;33;840;12;20;1297;37;159;704;14;20;459;10;88;497;3;197;917;805;352;680;2083;472;1155;4251;444;607;5592;472;442;7326;403;235;7869;302;174;5866;47;139;25;1
31/08/2021;3479;6411;39102;6;66;60;3473;6332;39042;0;13;0;538;2700;17919;81;31;1059;791;1385;4388;71;416;460;292;37;1078;37;67;1318;4;10;400;18;18;1285;71;42;708;67;82;2360;61;569;663;11;112;641;1219;48;1032;63;84;736;36;365;1381;20;44;996;48;256;1204;32;105;937;17;30;536;13;117;1101;5;180;1211;570;301;908;2352;678;1217;5660;624;752;7499;555;511;8438;581;329;8024;379;193;6527;64;189;27;0
30/08/2021;5022;5611;40649;22;85;72;5000;5524;40577;0;2;0;681;2497;18894;38;56;1102;832;1723;4358;202;48;1067;902;251;1025;111;80;944;7;6;428;45;47;806;133;24;673;186;137;2230;73;133;1285;21;44;746;1282;40;1073;43;188;553;88;33;1509;174;44;1025;30;41;1458;54;106;902;117;106;571;10;247;811;4;443;1164;516;533;911;1873;935;1139;4282;789;612;5254;742;426;9044;758;258;10383;463;153;9259;112;137;34;0
29/08/2021;3;11;726;0;0;0;3;11;726;0;0;0;1;2;104;0;0;0;1;9;608;0;0;0;0;0;1;0;0;1;0;0;0;0;0;1;0;0;0;0;0;4;0;0;2;0;0;0;0;0;3;1;0;0;0;0;0;0;0;1;0;0;1;0;0;0;0;0;0;0;0;2;0;0;1;0;0;0;20;1;2;65;0;4;109;0;1;154;0;0;175;0;0;203;2;1;0;0
28/08/2021;181;2092;5168;2;37;4;179;2055;5164;0;0;0;49;1591;2408;2;8;8;13;138;1217;1;9;5;102;21;395;0;0;9;0;3;0;0;10;7;2;3;5;3;68;496;7;202;542;0;5;9;0;4;10;0;2;11;0;8;7;1;9;8;0;2;14;0;6;14;1;3;3;0;3;173;1;16;583;84;13;349;319;14;318;871;22;421;1079;33;131;1091;46;59;942;32;32;772;2;26;9;0
27/08/2021;3201;6291;34153;2;837;59;3199;5449;34094;0;5;0;462;2450;11659;10;485;745;522;1446;4938;10;56;1043;754;56;1203;9;33;1067;6;11;377;6;30;825;129;32;673;36;562;1916;29;87;1208;61;33;773;819;58;1056;246;210;897;24;354;1640;11;75;1233;25;100;1413;24;139;988;15;66;499;11;63;1136;3;122;777;590;217;894;1724;463;1503;4171;512;801;5034;499;608;7433;642;280;8299;653;151;6877;30;141;21;1
26/08/2021;3978;4487;45114;8;84;167;3967;4387;44947;3;16;0;788;1598;20236;28;43;1204;621;1364;5801;16;59;1191;772;56;1563;14;40;1052;8;65;390;6;43;1261;104;30;858;53;517;1980;52;87;1226;19;55;803;900;60;1034;33;76;807;478;59;1225;23;66;1504;11;62;1333;19;96;1083;26;89;563;29;77;836;1;107;535;539;216;478;1786;424;1220;4360;473;589;5093;872;317;10029;897;233;12996;871;142;10267;41;137;43;0
25/08/2021;0;0;0;0;0;0;0;0;0;0;0;0;0;0;0;0;0;0;0;0;0;0;0;0;0;0;0;0;0;0;0;0;0;0;0;0;0;0;0;0;0;0;0;0;0;0;0;0;0;0;0;0;0;0;0;0;0;0;0;0;0;0;0;0;0;0;0;0;0;0;0;0;0;0;0;0;0;0;0;0;0;0;0;0;0;0;0;0;0;0;0;0;0;0;0;0;0;0
24/08/2021;3595;5765;32113;5;68;55;3590;5696;32058;0;1;0;699;3044;12167;18;31;870;614;1384;4000;13;89;1116;878;53;1442;10;27;927;9;23;399;7;184;978;91;66;811;20;134;1987;40;91;891;23;66;705;635;52;891;16;99;638;462;43;763;17;37;1152;15;89;1161;14;129;801;8;116;412;16;96;615;2;162;936;254;334;929;883;618;1374;2059;601;845;2777;510;390;7279;813;316;10225;417;201;8597;44;159;36;1
23/08/2021;3676;10345;39256;9;132;103;3667;10206;39153;0;7;0;839;3251;17813;26;80;1239;308;2027;4957;26;442;1188;820;488;1390;17;123;1076;7;24;416;26;59;828;127;194;533;228;432;1848;98;192;1277;34;208;853;789;345;730;19;87;775;159;627;1230;44;715;905;38;187;1034;36;733;363;31;112;801;23;78;1580;4;147;1495;289;233;1086;1012;558;2226;2626;631;1535;3154;704;1086;8696;742;633;12905;542;397;10471;41;307;99;0
22/08/2021;21;842;9;0;0;0;21;842;9;0;0;0;3;140;2;0;1;0;16;678;6;0;0;1;1;0;0;0;0;0;0;1;0;0;5;0;0;0;0;1;3;0;0;1;0;0;3;0;0;1;0;0;1;0;0;3;0;0;1;0;0;1;0;0;1;0;0;2;0;0;7;515;1;1;62;0;1;43;0;3;71;1;5;52;0;3;38;2;1;29;4;0;22;1;0;10;0;0
21/08/2021;557;2180;5504;1;45;8;555;2124;5496;1;11;0;65;1620;2443;0;4;13;20;143;1458;0;3;4;384;15;650;0;4;13;2;1;4;2;3;8;0;1;4;9;57;530;62;271;308;2;15;11;3;9;10;0;5;11;3;6;12;4;12;11;0;3;3;1;2;7;0;6;4;0;20;444;1;23;456;28;29;408;97;22;535;300;24;169;380;77;72;955;198;49;2523;159;22;1216;5;25;4;0
20/08/2021;5884;21921;21050;58;261;54;5824;21610;20996;2;50;0;1865;4547;7841;52;984;380;1110;2755;4053;55;414;1272;522;1377;767;33;525;556;11;276;131;42;684;333;197;664;365;93;1167;1418;64;1028;199;38;559;411;821;1077;102;162;1047;346;585;1177;316;47;985;1463;46;1038;444;44;953;280;92;660;373;9;836;4466;11;703;4844;95;532;2566;443;701;4503;1435;698;2464;1927;776;1505;3874;1180;836;9509;418;433;3738;40;304;18;0
19/08/2021;2862;12285;32018;21;135;6;2841;12138;32012;0;12;0;1479;4276;7808;45;67;1341;535;2615;4547;36;189;1506;48;401;2254;17;57;1094;6;12;400;25;37;1316;43;44;1260;101;966;1426;47;114;1262;30;468;450;68;667;1128;59;48;917;157;1664;376;53;70;2053;22;65;1433;39;468;670;51;56;776;3;364;1992;4;393;2782;136;662;1723;608;917;2489;2146;165;1838;2697;143;609;5981;99;475;14701;64;204;5702;55;173;43;0
18/08/2021;3250;11705;42646;127;162;16;3122;11505;42630;1;38;0;1393;4364;16089;30;103;1477;608;3191;4362;43;886;794;38;145;2529;27;40;1255;5;11;432;18;45;874;39;42;1272;369;176;2216;49;121;1290;25;48;754;96;89;1887;138;267;1516;241;1956;530;29;44;1758;18;38;1454;46;75;1223;35;58;930;13;262;1163;2;527;1526;134;360;1430;877;757;3719;3172;844;2394;4297;272;560;7276;128;325;20932;60;358;5922;40;230;34;0
17/08/2021;3753;9178;43614;246;195;6;3507;8969;43608;0;14;0;1294;4412;15797;51;98;1353;834;2001;4899;58;196;1527;44;58;2621;35;50;1123;6;12;388;44;51;1551;96;41;1368;382;820;1601;61;103;1286;33;50;789;436;109;1520;34;85;1073;181;754;1243;53;52;1708;33;65;1488;44;140;1257;31;65;1016;25;347;714;1;309;1681;153;472;921;1040;845;2643;4865;503;2018;6617;504;679;6837;420;265;21846;217;132;2199;136;125;56;0
16/08/2021;11134;10486;29628;149;172;18;10983;10273;29610;2;41;0;1069;5009;13803;568;173;645;1936;1977;3414;686;129;894;933;114;1547;219;64;848;62;21;328;340;122;771;293;79;830;573;897;1287;587;206;576;346;95;380;746;128;255;315;137;390;578;764;595;662;110;891;468;184;857;432;171;550;320;105;767;2;1293;785;2;1559;1448;74;1469;1323;860;2157;2684;3986;1594;2274;5929;1279;897;5822;906;382;11492;580;319;1394;297;374;69;0
15/08/2021;32;18;1;0;0;1;32;18;0;0;0;0;0;0;0;0;0;0;0;1;0;0;0;0;0;0;0;0;0;0;0;0;0;0;0;0;1;0;0;0;0;0;0;0;0;0;0;0;0;0;0;1;0;0;0;0;0;0;0;0;0;0;0;0;0;1;30;17;0;0;1;4;0;6;2;1;1;0;0;6;4;0;7;3;0;3;1;0;6;3;0;2;1;0;0;0;0;0
14/08/2021;110;1505;498;3;1;1;107;1502;497;0;2;0;19;668;432;0;0;0;68;659;55;0;1;0;0;3;0;0;2;0;0;3;0;1;3;0;1;2;0;0;11;1;0;4;0;1;0;0;2;6;2;1;5;1;14;64;1;3;68;4;0;2;1;0;2;1;0;0;0;2;3;33;0;4;42;1;4;474;10;14;377;22;33;325;27;27;198;29;22;36;408;1;12;1;2;8;0;0
13/08/2021;3700;14122;587;32;2366;13;3667;11679;574;1;77;0;1497;7440;435;20;52;1;636;3109;75;6;91;0;97;327;0;72;76;1;5;18;0;8;34;1;3;24;0;410;780;36;599;766;12;31;114;0;7;44;1;48;42;2;61;382;2;51;573;5;96;129;13;47;91;2;4;20;1;12;88;1137;1;159;1817;3;249;2616;10;717;4471;35;891;2114;63;816;1032;56;630;441;358;109;259;26;41;235;35;0
12/08/2021;2524;18676;188;18;1173;17;2502;17488;171;4;15;0;1072;11728;64;11;56;0;524;3254;55;8;57;1;155;614;7;34;68;1;17;31;0;11;82;0;150;123;4;286;837;17;42;61;1;13;75;0;11;38;0;13;36;0;38;201;2;27;928;2;22;121;6;49;107;1;24;225;27;51;94;4124;0;111;2620;2;168;1726;4;461;3235;14;580;3359;41;555;1917;35;432;772;30;83;556;23;40;367;39;0
11/08/2021;1195;21320;25;34;167;4;1159;21002;21;2;151;0;373;8792;13;37;660;0;266;3834;1;40;818;1;37;536;1;143;181;3;6;10;0;5;507;0;14;422;0;32;728;0;47;689;0;29;721;2;39;715;0;24;513;0;46;1066;3;7;879;0;16;125;1;29;92;0;3;29;0;5;71;2283;2;197;6693;2;134;3408;0;299;2956;3;165;2901;4;128;1782;2;103;442;2;53;465;5;45;390;5;0
10/08/2021;1305;22479;86;18;208;3;1287;22191;83;0;80;0;559;8710;22;36;942;0;208;3443;27;45;1148;0;33;855;8;70;181;2;0;12;0;12;467;2;1;37;0;36;830;1;103;754;2;26;150;1;24;651;0;11;78;0;9;941;16;19;1195;2;33;1037;3;70;987;0;5;57;0;9;96;1242;2;191;3656;2;199;4630;1;314;4333;5;158;2561;11;135;4022;6;103;946;14;70;640;18;39;449;27;0
09/08/2021;1273;26857;97;90;278;2;1182;26525;95;1;54;0;444;8172;37;63;1146;1;217;3497;4;30;1220;0;37;1194;20;34;785;0;25;348;0;10;684;1;21;573;1;45;952;2;51;753;2;77;1101;18;46;1035;0;31;371;0;16;967;2;21;1145;2;39;1233;6;37;916;0;27;758;0;10;83;1693;1;181;2486;6;123;1771;3;286;4374;11;224;4533;12;161;5666;9;131;2936;9;39;1955;14;45;1442;32;1
08/08/2021;50;28;0;1;6;0;49;22;0;0;0;0;2;0;0;0;6;0;1;0;0;0;0;0;0;0;0;0;0;0;0;0;0;0;0;0;1;1;0;3;0;0;0;0;0;0;0;0;0;0;0;0;0;0;0;0;0;1;0;0;0;0;0;0;0;0;42;21;0;0;6;4;0;5;7;0;5;5;0;4;2;0;10;4;0;8;4;0;8;0;0;2;1;0;2;1;0;0
07/08/2021;502;2282;1;3;451;0;499;1703;1;0;128;0;211;492;0;2;3;0;16;320;0;0;123;0;1;1;0;0;0;0;0;0;0;0;2;0;1;6;0;31;985;1;73;227;0;1;3;0;0;3;0;1;5;0;67;75;0;4;1;0;51;14;0;3;0;0;34;21;0;7;62;1076;0;94;484;0;77;190;0;104;120;0;62;112;0;49;71;0;34;46;0;12;98;0;8;85;1;0
06/08/2021;7856;9295;34;46;1400;5;7810;7734;29;0;161;0;1939;4958;3;361;267;2;966;1036;20;394;241;0;796;354;3;30;66;0;10;169;0;171;106;0;164;168;1;522;490;0;503;202;0;186;59;0;638;203;1;209;122;0;121;405;2;246;56;0;195;239;1;373;115;1;29;33;0;9;1134;2443;1;1561;983;1;1208;2865;1;1519;1724;4;997;449;1;669;260;4;380;186;6;202;180;12;186;205;4;0
05/08/2021;6294;13438;21;57;3102;8;6236;10177;13;1;159;0;2026;6991;11;37;471;1;1244;1303;2;36;515;2;128;354;0;150;123;2;10;77;0;195;138;0;21;105;0;431;922;0;108;433;0;99;88;0;420;52;0;38;34;1;487;275;1;509;839;0;11;492;1;173;152;0;159;71;0;15;870;3250;1;1146;1143;2;905;971;1;1306;4077;4;897;2468;7;489;668;3;339;295;1;207;293;1;135;273;1;0
04/08/2021;5750;10637;38;23;4845;20;5727;5705;18;0;87;0;2223;3812;13;34;202;0;1296;1457;3;171;320;0;192;314;0;57;350;1;79;18;0;16;242;1;45;236;0;35;466;0;503;309;1;20;365;9;19;698;1;208;624;3;650;140;1;19;434;4;9;133;0;150;482;0;11;27;1;21;537;4281;4;1092;1665;0;897;1358;6;1334;1197;1;726;883;5;542;610;9;306;280;2;184;186;3;132;177;8;0
03/08/2021;6779;12347;85;16;2778;3;6763;9491;82;0;78;0;2949;4868;61;22;334;0;1551;1349;6;434;345;0;31;667;0;49;320;10;9;7;4;7;275;0;21;346;0;77;950;0;622;136;0;113;217;0;32;364;0;70;171;0;390;596;0;27;398;1;284;470;1;69;306;2;16;226;0;8;1233;7858;4;1257;2188;5;950;806;2;1274;462;2;766;301;4;535;221;1;384;184;5;198;155;21;182;172;41;0
02/08/2021;5385;12940;120;56;3078;3;5328;9842;117;1;20;0;2640;5222;97;16;324;0;1787;1734;5;27;368;0;243;464;0;84;319;8;1;8;0;40;335;0;9;227;0;57;787;0;68;447;2;14;230;1;20;476;1;184;107;0;14;784;2;21;397;0;17;342;1;37;214;2;104;152;1;5;826;7305;7;1110;2534;0;921;841;0;1051;766;2;566;545;3;406;430;4;249;210;10;157;146;32;99;163;62;0
01/08/2021;0;1;0;0;1;0;0;0;0;0;0;0;0;1;0;0;0;0;0;0;0;0;0;0;0;0;0;0;0;0;0;0;0;0;0;0;0;0;0;0;0;0;0;0;0;0;0;0;0;0;0;0;0;0;0;0;0;0;0;0;0;0;0;0;0;0;0;0;0;0;0;0;0;0;0;0;0;0;0;0;0;0;0;1;0;0;0;0;0;0;0;0;0;0;0;0;0;0
31/07/2021;2253;3215;8;10;1149;5;2243;2057;3;0;9;0;1800;315;0;11;50;0;122;527;3;10;3;0;10;612;1;17;5;0;3;3;0;8;4;0;5;9;0;39;1083;3;132;473;1;4;25;0;6;3;0;48;63;0;8;9;0;11;5;0;1;13;0;6;6;0;12;7;0;0;181;683;0;669;1345;5;377;394;1;318;333;1;455;156;1;142;132;0;53;82;0;32;57;0;26;33;0;0
30/07/2021;5653;14104;122;82;6515;5;5560;6936;117;11;653;0;2651;7115;100;465;411;1;1193;2167;9;35;232;0;18;438;0;30;213;0;6;46;0;25;389;1;32;20;0;604;401;2;70;276;0;20;144;2;34;424;0;144;335;1;31;552;2;34;309;1;91;191;2;130;293;1;15;137;0;36;1205;4246;2;746;4097;1;843;1957;0;1279;1278;3;603;805;6;521;525;12;226;343;7;128;418;46;102;435;45;0
29/07/2021;3881;16299;39;73;6381;5;3805;9222;34;3;696;0;1436;9970;26;16;47;0;1252;2760;8;24;204;0;16;500;1;19;156;0;80;28;0;10;286;0;16;138;0;509;424;0;7;25;0;79;34;0;20;329;3;90;42;1;19;546;0;18;72;0;52;259;0;73;394;0;92;68;0;70;753;5592;8;361;5512;2;403;2219;4;1102;854;2;487;491;3;274;374;2;264;288;3;159;412;5;78;557;10;0
28/07/2021;1753;20178;43;57;6126;5;1696;13465;38;0;587;0;471;8719;28;8;377;0;640;2832;6;21;401;0;28;1001;1;12;238;0;3;172;0;24;379;0;19;353;0;62;859;1;132;789;3;13;131;2;17;691;0;41;649;0;23;1080;1;23;462;0;37;379;0;118;463;1;23;183;0;58;591;7345;3;309;6646;8;129;2573;0;267;1307;3;147;582;9;112;419;8;74;357;4;55;472;5;69;477;3;0
27/07/2021;6107;20170;19;98;6766;5;6006;12979;14;3;425;0;3346;7862;5;39;550;0;1517;3820;3;99;440;0;31;831;3;30;302;0;20;258;0;202;392;0;53;448;3;109;1032;0;60;490;0;51;259;1;35;558;1;110;317;1;48;1124;0;56;507;0;87;446;0;57;302;0;120;209;2;60;620;6120;6;984;6855;4;1022;1910;0;1476;1833;2;915;1374;4;439;897;1;316;399;0;198;395;1;137;387;1;0
26/07/2021;10490;21360;34;199;8396;10;10287;12284;24;4;680;0;3477;7804;11;28;340;0;2008;3746;8;457;312;0;481;718;1;125;268;1;24;300;1;52;590;2;195;232;0;411;919;0;109;1192;0;219;369;3;340;430;0;66;488;0;693;1199;2;797;713;0;182;406;0;715;915;3;65;385;2;80;1628;4889;9;1477;7624;5;1168;2848;2;2313;1968;6;1502;1243;6;1071;870;2;623;580;1;397;702;1;311;636;2;0
25/07/2021;938;28;0;4;2;0;934;25;0;0;1;0;154;6;0;1;0;0;754;20;0;1;0;0;0;0;0;1;0;0;2;0;0;4;0;0;1;0;0;5;0;0;1;1;0;3;0;0;3;0;0;1;0;0;3;0;0;1;1;0;1;0;0;1;0;0;1;0;0;0;562;3;0;69;5;0;52;0;0;87;5;0;60;5;0;42;4;0;34;3;0;23;0;0;9;3;0;0
24/07/2021;2275;2095;0;10;1148;0;2261;564;0;4;383;0;1709;661;0;5;331;0;140;424;0;2;4;0;5;6;0;3;1;0;4;350;0;4;3;0;1;2;0;6;9;0;269;68;0;14;6;0;4;5;0;72;122;0;7;4;0;20;85;0;2;6;0;2;6;0;6;0;0;2;471;10;0;460;553;0;446;482;0;562;242;0;177;139;0;77;126;0;38;112;0;22;205;0;22;226;0;0
23/07/2021;23395;16079;44;284;6277;11;23111;9143;33;0;659;0;4899;4239;15;1120;474;2;2872;3543;5;475;646;1;1471;913;3;578;91;1;307;113;0;526;232;3;711;276;0;1221;1712;0;1155;431;1;584;196;8;1139;399;0;1113;387;0;1231;691;3;1025;479;0;1139;205;1;1094;811;1;686;206;0;84;4777;1634;2;5284;4978;5;2811;2410;5;4767;2353;7;2583;1431;5;1538;929;6;846;672;7;469;794;1;320;878;6;0
22/07/2021;13768;13638;21;165;5822;9;13601;7229;12;2;587;0;4594;3028;3;65;603;0;3050;3764;2;216;436;1;413;433;0;52;79;0;12;123;0;174;128;1;52;109;1;1178;1738;1;92;194;1;513;220;0;705;396;0;59;381;0;1747;342;4;77;262;0;85;362;4;555;802;3;75;189;0;103;2253;1107;3;3203;4312;7;1980;2446;1;2778;1797;1;1975;1090;5;680;841;1;518;578;1;222;668;1;159;799;1;0
21/07/2021;12321;11389;9;217;4471;1;12102;6160;8;2;758;0;4519;3662;3;70;465;0;3364;2379;1;969;110;0;121;395;0;60;125;0;7;89;0;128;235;1;43;130;0;200;1141;1;156;379;1;45;174;1;78;392;0;226;365;0;2093;339;0;56;246;0;19;26;0;83;590;1;50;103;0;78;1199;668;0;1658;3562;3;1537;1941;2;3945;1802;3;2492;951;0;580;665;0;328;473;0;341;614;1;241;713;0;0
20/07/2021;9869;15867;23;122;7131;7;9747;7912;16;0;824;0;4463;4115;4;475;1037;1;2132;3614;6;186;533;0;55;583;0;40;81;0;11;102;2;37;73;1;35;307;0;880;506;2;275;1652;3;44;373;2;46;337;0;30;160;0;881;858;0;46;569;0;19;39;0;116;738;2;69;146;0;73;818;673;2;1900;3653;6;1022;2116;3;2773;3250;4;2109;2205;1;671;1316;4;298;858;0;151;916;1;127;879;2;1
19/07/2021;9128;21742;23;248;11974;11;8879;8856;12;1;912;0;4509;4740;5;78;958;2;1899;3496;1;55;1125;0;48;1822;2;35;256;0;8;111;0;101;496;0;27;57;0;845;821;0;107;449;1;77;249;2;61;1262;0;80;781;2;796;1478;8;53;1246;0;92;638;0;160;1210;0;68;436;0;140;309;909;2;1061;3549;3;1170;2633;2;2532;4631;1;2306;3624;5;896;2653;5;361;1412;1;228;1173;2;265;1158;2;0
18/07/2021;2;18;0;0;9;0;2;8;0;0;1;0;1;7;0;0;8;0;0;2;0;0;0;0;0;0;0;0;0;0;0;0;0;0;0;0;0;0;0;1;0;0;0;0;0;0;0;0;0;0;0;0;0;0;0;0;0;0;0;0;0;1;0;0;0;0;0;0;0;0;0;1;0;0;2;0;0;2;0;1;5;0;1;1;0;0;4;0;0;0;0;0;3;0;0;0;0;0
17/07/2021;1849;4909;1;11;580;0;1837;4328;1;1;1;0;738;2568;0;2;10;0;770;539;0;1;7;0;15;275;0;2;6;0;2;3;0;3;5;0;3;6;0;16;21;0;3;6;0;0;2;0;6;17;0;74;592;1;63;210;0;126;579;0;7;20;0;8;18;0;2;5;0;28;59;593;0;56;1242;0;563;546;1;467;838;0;366;512;0;233;435;0;61;273;0;27;213;0;17;257;0;0
16/07/2021;13682;35240;97;143;4326;4;13484;16214;93;55;14700;0;7205;8891;15;114;1036;1;2573;9575;0;201;1145;2;349;986;2;80;518;0;25;422;1;85;590;0;41;251;0;658;874;1;820;1179;1;81;921;0;61;1322;1;103;1814;2;182;1906;6;580;1374;1;234;756;63;105;1255;0;155;226;0;230;1275;2145;2;1779;7081;13;2290;2625;19;4273;3557;23;2061;1886;13;995;1387;8;440;2026;7;283;7527;6;286;7006;6;0
15/07/2021;18776;27837;18;120;136;1;18605;9027;17;51;18674;0;11476;4140;7;101;646;0;3335;8189;3;92;1326;2;603;588;2;40;156;0;17;14;0;96;480;1;142;122;0;882;426;0;83;2551;1;63;1089;0;45;2343;0;40;1934;0;324;1783;1;915;522;0;60;121;0;172;1091;0;239;169;1;198;4439;680;2;2802;1760;3;1851;1559;3;3133;2323;2;3143;919;2;1774;720;1;683;1212;1;558;8309;0;392;10355;4;1
14/07/2021;23137;21042;21;285;3328;3;22850;17704;18;2;10;0;9654;7245;7;712;501;1;4282;3236;2;852;243;0;528;921;2;188;334;0;14;370;0;543;670;2;451;193;0;669;517;0;770;974;0;782;319;1;780;809;0;556;717;1;1079;1546;4;982;571;1;143;855;0;92;723;0;50;204;0;104;2534;1806;1;7459;8634;2;3760;2585;4;3306;4042;4;3002;1422;3;1854;1125;1;423;576;2;425;442;3;373;409;1;2
13/07/2021;24409;20363;45;632;3740;4;23776;16615;41;1;8;0;9458;6915;13;750;473;1;3865;3245;6;1239;314;1;905;740;1;153;578;0;22;389;0;534;490;6;49;478;0;1023;538;0;767;733;3;184;887;4;709;699;1;83;386;0;1156;975;4;1272;807;0;1108;360;1;1005;924;3;98;272;1;189;1172;1183;0;3965;9607;21;5162;1855;3;4957;3190;8;2885;1910;3;4258;1246;3;965;593;2;614;399;2;431;380;3;0
12/07/2021;28814;22701;44;510;3761;6;28304;18940;38;0;0;0;8608;8603;11;1176;306;0;3908;3072;7;1290;392;1;1304;1152;3;869;290;0;370;233;1;756;295;0;592;252;0;996;597;2;810;1408;5;1225;715;1;1164;991;0;427;907;0;975;899;4;1179;456;0;1353;825;7;984;819;0;812;422;2;83;1773;844;4;2740;10542;17;1991;2591;1;4875;3046;8;4868;1639;10;6004;1222;0;3161;738;0;2030;769;2;1371;1310;2;1
11/07/2021;14;325;0;5;312;0;8;13;0;1;0;0;7;71;0;0;1;0;6;242;0;0;1;0;0;0;0;0;0;0;0;0;0;0;0;0;0;0;0;0;5;0;0;1;0;0;0;0;0;0;0;0;1;0;0;2;0;0;0;0;0;0;0;1;0;0;0;1;0;0;0;2;0;1;53;0;0;88;0;4;70;0;4;46;0;5;33;0;0;18;0;0;15;0;0;0;0;0
10/07/2021;2279;3727;2;458;474;1;1821;3253;1;0;0;0;509;2233;2;4;3;0;366;597;0;47;15;0;0;6;0;0;4;0;1;4;0;2;4;0;7;10;0;1074;112;0;221;524;0;6;3;0;5;150;0;5;6;0;20;16;0;2;3;0;1;6;0;3;8;0;6;11;0;12;1164;254;1;530;2444;1;209;288;0;126;298;0;98;140;0;63;104;0;25;73;0;32;55;0;32;71;0;0
09/07/2021;8836;16910;8;1070;3463;0;7764;13444;8;2;3;0;5216;7967;2;207;163;0;1041;2168;0;185;235;0;282;565;0;65;241;0;171;285;0;101;322;0;103;349;0;388;612;0;65;565;1;88;276;0;62;565;0;97;452;0;384;794;4;82;455;1;229;377;0;35;204;0;35;304;0;11;2489;281;0;831;4076;0;3047;3057;1;1693;3935;4;301;1562;0;210;1273;0;105;789;0;75;736;0;85;1201;3;0
08/07/2021;12209;17612;9;2228;5010;2;9978;12602;7;3;0;0;6917;8256;4;363;394;0;1246;2019;3;403;415;0;266;702;0;117;271;0;82;95;0;126;280;0;124;406;0;727;767;0;295;671;0;60;254;0;56;299;0;39;323;0;278;818;2;723;687;0;326;595;0;27;135;0;31;225;0;3;3293;570;1;909;9651;4;746;550;0;3955;963;0;2378;1319;1;492;1732;1;219;1676;1;121;703;0;96;448;1;0
07/07/2021;9559;41615;35;3987;30647;29;5572;10964;6;0;4;0;3552;19934;15;224;676;0;1148;7368;11;342;666;0;295;821;0;403;333;1;14;151;0;249;460;0;262;495;0;511;1913;0;260;1554;1;272;548;2;594;656;0;549;1208;3;109;1829;0;255;900;0;127;1192;2;337;597;0;53;312;0;5;4529;355;0;1759;10416;5;1242;16715;10;680;8129;9;546;1755;1;381;1611;4;156;1164;3;94;774;1;172;696;2;0
06/07/2021;12072;37128;28;2601;31506;18;9469;5619;10;2;3;0;4674;18180;14;352;539;0;1463;7376;4;321;519;0;639;465;0;262;430;0;5;48;0;271;414;0;353;441;0;1033;1799;1;75;1204;1;226;542;1;354;642;1;176;588;0;672;1317;0;435;691;0;468;772;2;121;749;2;172;409;2;3;8213;18;0;2133;4652;2;718;16870;11;296;8032;4;181;2060;2;161;1792;2;145;1343;1;95;752;1;130;1609;5;0
05/07/2021;12534;38268;25;2896;32189;17;9637;6079;8;1;0;0;4950;18145;13;328;617;0;1769;7066;5;343;720;1;463;555;0;330;428;1;7;299;0;355;418;0;224;641;0;805;2112;1;458;1298;0;218;535;0;352;654;0;131;596;0;721;1302;2;421;777;0;387;894;1;131;894;1;140;314;0;5;7626;30;0;2592;3280;1;990;16439;7;512;9488;7;329;3186;5;252;2864;2;116;2043;2;63;608;0;53;329;1;2
04/07/2021;9;903;0;7;902;0;2;1;0;0;0;0;6;251;0;0;1;0;3;613;0;0;2;0;0;4;0;0;1;0;0;1;0;0;3;0;0;4;0;0;5;0;0;0;0;0;5;0;0;4;0;0;3;0;0;2;0;0;1;0;0;1;0;0;2;0;0;0;0;0;0;2;0;0;66;0;2;492;0;3;271;0;3;28;0;1;30;0;0;13;0;0;1;0;0;0;0;0
03/07/2021;3137;14881;1;1069;11582;1;2067;3298;0;1;1;0;287;7593;0;5;232;0;530;2462;0;3;41;0;510;611;0;14;218;0;2;14;0;3;35;0;25;475;0;1179;395;0;485;435;0;23;33;0;3;42;0;6;43;0;22;1383;1;13;506;0;15;246;0;5;40;0;7;77;0;0;699;0;0;1410;425;0;399;3058;0;332;7432;1;102;1509;0;85;1637;0;63;678;0;32;84;0;15;58;0;0
02/07/2021;12274;41888;5;5506;31816;1;6766;10072;4;2;0;0;6907;15149;4;244;1051;0;1417;7430;1;273;996;0;362;1879;0;205;537;0;23;414;0;306;735;0;26;827;0;411;2652;0;121;1572;0;171;733;0;341;976;0;299;892;0;251;1706;0;317;1804;0;224;1089;0;191;1085;0;183;361;0;2;4240;8;0;4162;1210;1;1853;8844;0;889;18578;1;425;4955;1;314;4246;1;189;1733;0;115;886;0;87;1428;1;0
01/07/2021;15394;38091;3;6418;30446;2;8952;7645;1;24;0;0;10268;13339;0;78;1005;0;2242;6266;0;218;815;0;296;2019;0;166;544;0;13;471;0;215;986;0;162;862;0;398;2548;0;113;1225;1;60;613;0;265;774;1;77;882;0;256;1512;0;105;1779;0;277;981;1;137;1046;0;47;424;0;1;5820;9;0;5682;763;0;2252;5957;0;744;20734;0;290;4938;1;223;2543;1;162;862;1;133;1014;0;88;1271;0;0
30/06/2021;19316;33498;2;6496;30295;2;12819;3201;0;1;2;0;9115;13671;0;396;782;0;2856;5425;0;429;608;0;766;1656;0;238;400;0;171;326;0;310;671;2;386;599;0;896;2049;0;487;838;0;151;474;0;439;677;0;580;1057;0;823;1071;0;472;1320;0;418;742;0;176;812;0;204;318;0;5;7649;11;0;6925;383;0;2586;3360;1;1135;22026;1;358;3692;0;260;1179;0;196;592;0;83;631;0;124;1623;0;1
29/06/2021;19284;35371;2;6977;30903;0;12306;4468;2;1;0;0;8113;15052;0;404;837;0;3427;5511;1;467;810;0;857;1591;0;321;499;0;254;316;0;313;803;0;464;792;0;973;2050;0;491;906;0;268;519;0;447;734;0;318;569;1;881;992;0;471;1363;0;457;738;0;136;871;0;216;412;0;12;6218;12;0;6920;322;0;1850;2282;0;1812;21960;0;1191;4630;0;733;1483;0;276;608;1;136;1524;0;148;2549;1;1
28/06/2021;18563;35879;4;7289;30448;1;11274;5418;3;0;13;0;7392;15299;0;364;829;0;3338;5139;1;323;780;0;703;1657;0;250;743;0;222;316;1;337;852;0;219;675;0;733;2166;0;973;902;1;315;512;0;367;794;0;332;610;0;830;1021;1;422;1259;0;429;810;0;699;994;0;313;504;0;20;5061;32;1;7667;278;1;2494;1523;0;1240;15499;0;682;6049;0;541;5739;0;329;1807;1;289;2374;0;260;2578;1;0
27/06/2021;18;1213;0;7;1205;0;9;2;0;2;6;0;10;371;0;1;1;0;4;806;0;0;3;0;0;2;0;0;1;0;0;0;0;0;4;0;0;2;0;2;4;0;0;1;0;0;2;0;0;1;0;0;4;0;0;3;0;1;1;0;0;2;0;0;5;0;0;0;0;0;1;0;0;4;2;0;3;5;0;3;746;0;3;281;0;3;109;0;1;53;0;0;17;0;0;0;0;0
26/06/2021;1196;11752;1;922;8227;0;273;3525;1;1;0;0;664;7772;1;5;25;0;466;2807;0;4;17;0;9;493;0;1;11;0;0;0;0;5;9;0;1;8;0;15;424;0;1;15;0;0;8;0;4;32;0;6;23;0;1;24;0;5;35;0;3;16;0;2;17;0;4;16;0;0;6;0;0;533;4;0;418;56;0;102;2102;0;56;5412;0;36;463;0;20;224;0;17;1645;1;8;1846;0;0
25/06/2021;10221;28849;3;4985;20041;3;5234;8753;0;2;55;0;3146;18128;2;233;83;0;2141;6008;0;567;187;0;442;892;0;30;263;0;97;27;0;26;473;0;42;211;0;1476;955;0;22;34;0;173;41;0;276;112;0;188;458;0;519;150;1;337;176;0;39;386;0;318;146;0;146;118;0;4;1542;3;0;4345;63;0;1779;374;0;1202;8160;0;575;11081;1;323;975;1;165;718;1;139;3270;0;151;4205;0;0
24/06/2021;9835;32359;2;5230;23105;2;4604;9244;0;1;10;0;2494;20315;0;237;87;0;2711;6060;2;336;200;0;383;1161;0;33;229;0;113;53;0;29;593;0;95;287;0;1441;1167;0;47;161;0;132;47;0;259;109;0;293;752;0;371;135;0;144;315;0;240;419;0;295;154;0;175;115;0;7;1042;2;0;4039;107;0;2087;427;0;1057;9889;1;607;11903;1;377;1207;0;253;760;0;183;3502;0;190;4561;0;1
23/06/2021;8361;34337;2;4025;24784;1;4335;9553;1;1;0;0;3007;20315;0;228;68;0;1835;6677;1;24;139;1;266;1294;0;75;259;0;98;31;0;22;755;0;70;329;0;1110;1711;0;71;60;0;148;32;0;259;105;0;289;1153;0;290;123;0;142;373;0;45;629;0;340;129;0;42;155;0;0;698;2;0;3669;100;0;1708;309;0;1075;10687;0;447;12770;1;246;1137;0;156;636;0;156;3776;1;206;4920;0;0
22/06/2021;9786;36591;2;5120;26720;2;4665;9871;0;1;0;0;3060;20103;1;541;94;0;1803;6757;1;233;159;0;557;1138;0;32;586;0;102;35;0;35;966;0;158;490;0;284;3187;0;1272;409;0;225;214;0;253;105;0;71;811;0;327;241;0;471;388;0;33;643;0;298;115;0;23;144;0;14;640;2;0;3311;177;0;1489;399;0;2036;9481;0;994;15409;2;485;1066;0;343;529;0;254;4178;0;234;5349;0;1
21/06/2021;12105;40315;1;8501;28652;0;3602;11660;1;2;3;0;3013;20720;0;510;269;0;1788;6674;0;897;230;0;1494;1166;0;115;482;0;104;77;0;263;1064;0;43;784;0;411;3126;0;252;1695;0;93;326;0;492;363;0;141;914;0;392;709;0;819;522;0;385;755;0;584;262;0;305;173;1;8;522;3;0;2206;115;0;1734;350;0;2874;9510;0;1971;16691;0;1261;1593;0;669;743;0;414;5119;0;454;6191;1;0
20/06/2021;6;983;0;3;978;0;2;4;0;1;1;0;2;435;0;0;1;0;2;530;0;0;0;0;0;1;0;0;1;0;0;0;0;0;1;0;0;0;0;1;6;0;1;0;0;0;0;0;0;1;0;0;2;0;0;1;0;0;3;0;0;0;0;0;1;0;0;0;0;0;1;0;0;0;0;0;0;0;0;2;227;0;1;635;0;1;75;0;0;26;0;1;20;0;0;0;0;0
19/06/2021;3068;11390;1;857;11148;1;2208;238;0;3;4;0;2184;4368;1;11;204;0;551;2146;0;7;11;0;9;1192;0;4;12;0;2;1;0;3;16;0;6;373;0;193;89;0;30;464;0;3;8;0;3;17;0;5;21;0;13;1434;0;18;1001;0;3;17;0;2;11;0;4;5;0;17;656;2;0;1094;23;0;252;58;0;298;2242;0;261;7316;0;214;1232;0;123;339;1;63;160;0;107;18;0;0
18/06/2021;13299;34440;3;2638;29813;2;10659;4618;1;2;9;0;5344;16214;1;231;614;0;1640;6257;0;208;310;0;713;947;0;233;173;0;298;141;1;354;555;0;183;671;0;429;2910;0;619;1043;0;212;75;0;512;97;0;296;468;0;593;1544;0;491;1584;0;328;335;0;581;390;0;19;112;1;15;2528;3;0;7793;128;0;770;509;0;840;3918;0;674;15517;1;289;9885;2;188;737;0;108;1789;0;108;1954;0;1
17/06/2021;3181;41191;7;339;32595;4;2840;8594;3;2;2;0;1940;19328;2;43;742;0;254;6222;2;28;387;0;27;1279;0;181;173;0;13;359;0;142;686;0;24;840;0;53;3178;0;46;1345;0;55;331;0;26;241;0;19;854;0;28;1765;3;28;1705;0;34;516;0;204;1080;0;29;158;0;9;884;1;0;1377;175;0;121;1593;1;195;5823;0;208;18241;3;121;10708;0;71;777;3;67;1788;0;137;2085;0;0
16/06/2021;15096;38111;7;3382;34097;2;11713;4014;5;1;0;0;6459;16941;4;610;675;0;2369;5984;1;209;305;0;405;1678;0;377;159;1;103;700;0;218;636;0;202;631;0;454;2937;0;640;1003;0;194;63;0;338;95;0;343;1157;0;595;1552;0;373;1510;1;427;421;0;713;1518;0;42;141;0;30;2317;2;0;8835;33;3;860;82;0;1455;2802;1;581;19693;1;468;10683;0;242;887;1;182;1820;0;156;2109;1;0
15/06/2021;14947;39850;4;3603;36126;1;11342;3724;3;2;0;0;6025;17520;1;444;894;0;2358;5404;1;251;886;0;411;1782;0;256;78;0;111;730;0;257;678;0;405;377;0;483;3072;0;655;953;1;656;122;0;334;59;0;314;743;0;631;1729;1;346;2027;0;352;1195;0;531;1488;0;109;111;0;20;1326;3;1;9630;78;0;488;140;0;1223;1874;0;1197;19205;2;692;13639;0;232;1221;0;111;1716;1;47;1974;0;1
14/06/2021;13802;43724;5;2978;39685;3;10822;4038;2;2;1;0;5769;17812;1;285;1062;1;2257;5996;0;257;928;0;415;2027;0;247;77;0;111;676;0;261;660;0;209;642;0;496;2892;0;668;1458;1;211;653;2;535;1764;0;84;745;0;572;1608;0;375;1896;0;338;1211;0;501;1531;0;203;84;0;10;811;3;0;10387;44;0;1113;79;0;516;1638;1;309;9478;0;269;23243;1;137;4782;3;110;2358;0;150;2098;0;1
13/06/2021;487;720;0;480;720;0;7;0;0;0;0;0;146;329;0;2;2;0;329;382;0;2;1;0;0;1;0;1;1;0;0;0;0;0;0;0;0;0;0;3;0;0;0;0;0;0;0;0;0;0;0;1;1;0;1;1;0;1;1;0;0;1;0;0;0;0;1;0;0;0;1;0;0;55;0;0;104;3;0;79;2;0;50;4;0;173;699;0;16;7;0;9;5;0;0;0;0;0
12/06/2021;3734;19393;0;589;13768;0;3145;5625;0;0;0;0;2420;5363;0;6;615;0;622;2162;0;5;17;0;23;2365;0;13;517;0;4;15;0;9;492;0;16;234;0;47;1684;0;313;465;0;7;40;0;5;18;0;106;33;0;15;1673;0;15;1398;0;45;1555;0;6;32;0;57;715;0;0;315;1;0;2600;8;0;214;31;0;196;317;0;106;2233;0;102;7357;0;72;3205;0;68;3238;0;61;3002;0;1
11/06/2021;6253;33921;4;862;28216;3;5390;5704;1;1;1;0;2069;13226;2;25;577;0;1073;5498;1;81;791;0;98;1636;0;86;471;0;79;699;0;169;681;0;208;578;0;76;2315;0;578;997;0;187;510;0;217;360;0;256;367;0;153;1139;1;159;1057;0;184;911;0;282;1363;0;233;745;0;40;614;4;0;3546;27;0;489;78;0;479;943;0;340;5043;2;295;16548;2;196;5371;0;132;3212;0;162;2695;0;0
10/06/2021;13434;30898;2;1009;27389;1;12420;3463;1;5;46;0;4760;11645;0;248;378;0;1584;5315;0;249;664;0;809;1228;0;254;400;0;87;700;0;374;636;0;413;542;0;756;1848;0;512;882;0;251;512;0;342;374;0;311;641;0;692;1137;0;619;1109;0;525;836;2;365;1340;0;275;711;0;8;585;0;0;10101;28;0;467;88;0;671;593;0;452;2916;1;370;12627;0;303;8899;1;217;4371;0;268;1375;0;1
09/06/2021;42491;6295;7;31036;2018;1;11455;4277;6;0;0;0;20259;1864;5;749;87;0;6868;1073;1;694;91;0;1166;676;0;297;125;0;156;49;0;537;150;0;483;128;0;2178;408;0;1892;325;0;449;87;0;437;146;0;1283;87;0;1877;103;0;945;326;1;1216;69;0;651;376;0;345;124;0;10;381;0;0;11141;30;2;18063;133;0;8483;794;0;1542;1197;1;1147;1628;1;753;740;0;471;893;0;510;879;3;1
08/06/2021;34306;3603;2;32831;1949;0;1468;1593;2;7;61;0;15436;1455;0;577;25;0;6543;164;0;527;36;1;462;425;0;416;100;0;53;65;0;458;20;0;438;64;0;1913;123;0;1282;195;0;558;27;0;978;36;0;602;19;0;1335;19;0;803;260;0;755;35;0;884;400;1;264;135;0;22;5;1;0;5081;13;0;18298;58;0;8231;164;1;1248;139;0;721;1051;1;401;440;0;191;933;0;130;804;0;0
07/06/2021;35527;4812;4;33638;2015;3;1887;2797;1;2;0;0;15587;2078;0;607;74;0;6194;221;0;714;75;0;535;363;0;414;84;0;338;90;2;494;57;0;453;89;0;1946;272;0;1332;271;0;595;46;0;863;29;0;648;31;0;1308;23;0;1076;383;0;841;107;1;1152;379;0;392;139;1;39;31;1;0;3694;18;0;17931;146;0;9527;442;0;2150;400;1;1199;608;0;627;1137;1;283;1070;2;84;989;0;2
06/06/2021;943;11;0;936;8;0;3;3;0;4;0;0;268;5;0;2;2;0;631;3;0;3;0;0;4;0;0;2;0;0;1;0;0;3;0;0;3;0;0;3;1;0;2;0;0;4;0;0;3;0;0;3;0;0;4;0;0;1;0;0;3;0;0;3;0;0;0;0;0;0;0;0;0;70;0;0;531;1;0;284;1;0;28;2;0;19;1;0;9;1;0;2;5;0;0;0;0;0
05/06/2021;12112;2620;1;11323;80;0;783;2540;1;6;0;0;4468;2306;1;239;3;0;2236;83;0;39;1;0;831;10;0;220;7;0;16;0;0;28;1;0;479;0;0;428;7;0;469;165;0;38;1;0;35;3;0;185;9;0;1419;11;0;610;9;0;258;2;0;32;0;0;81;2;0;1;1;1;0;470;3;0;3299;10;0;7346;34;0;479;31;0;257;31;0;132;17;0;48;78;0;80;2415;1;0
04/06/2021;33856;10036;5;30295;517;4;3559;9512;1;2;7;0;12057;3361;0;745;211;0;6125;1334;1;755;177;0;1546;650;0;481;217;0;310;141;0;769;234;0;631;218;1;2342;466;1;1466;564;0;555;153;0;716;317;0;600;23;0;1199;685;2;1314;485;0;810;251;0;1028;368;0;383;180;0;25;10;2;0;1432;37;0;9549;169;0;18180;389;0;2168;319;1;1112;256;1;648;107;2;369;2702;0;388;6055;1;0
03/06/2021;34069;10409;5;31044;398;2;3023;10010;3;2;1;0;12791;3454;2;1131;217;0;5885;1343;0;803;263;1;1442;603;0;524;170;0;295;139;0;707;215;0;498;220;0;2039;457;1;890;565;0;535;146;0;795;314;1;688;426;0;1217;505;0;1538;578;0;816;254;0;1164;394;0;287;145;0;25;7;1;1;966;4;0;6658;61;0;20975;354;0;3203;445;1;1085;134;1;490;117;1;314;2712;0;370;6581;1;1
02/06/2021;34306;10728;1;31647;371;1;2658;10353;0;1;4;0;12694;3983;0;932;234;0;5385;1322;0;665;240;0;1692;508;0;467;188;0;327;135;0;848;210;0;717;245;0;2171;433;0;1198;564;0;521;150;0;840;302;1;1132;308;0;1143;521;0;1468;519;0;784;275;0;902;435;0;374;156;0;46;10;0;0;548;15;0;3851;61;0;23852;477;0;3893;699;1;1127;265;0;540;163;0;249;2211;0;236;6836;0;1
01/06/2021;35351;10540;0;32146;533;0;3202;10007;0;3;0;0;12752;4194;0;1254;249;0;5494;1277;0;844;237;0;1624;421;0;496;191;0;318;118;0;877;207;0;766;208;0;2294;469;0;1271;509;0;514;123;0;998;281;0;645;263;0;1349;441;0;1438;529;0;779;259;0;1073;392;0;501;172;0;64;3;1;0;558;16;0;2952;63;0;24060;646;0;5028;874;0;1535;218;0;589;179;0;326;929;0;300;7612;0;2
31/05/2021;35694;10519;1;32227;1043;1;3465;9476;0;2;0;0;12663;4020;0;1032;175;0;5319;1306;1;828;343;0;1778;506;0;566;203;0;318;140;0;1077;216;0;708;229;0;2312;531;0;958;573;0;521;171;0;1038;280;0;999;298;0;1368;175;0;1333;508;0;949;258;0;1239;405;0;579;181;0;110;3;4;0;351;31;0;1974;150;0;17219;620;0;6716;678;1;6364;543;0;1893;311;0;803;278;0;370;7903;0;2
30/05/2021;1250;132;0;1243;129;0;6;3;0;1;0;0;380;94;0;1;0;0;831;37;0;3;0;0;2;0;0;1;0;0;0;0;0;4;0;0;2;0;0;6;0;0;1;0;0;2;0;0;0;0;0;6;0;0;4;1;0;1;0;0;2;0;0;4;0;0;0;0;0;0;0;1;0;2;1;0;3;4;0;788;10;0;289;5;0;111;60;0;45;39;0;12;10;0;0;2;0;0
29/05/2021;11783;13230;1;8649;152;1;3133;13078;0;1;0;0;5367;10326;1;60;408;0;2850;438;0;18;7;0;884;337;0;24;485;0;3;5;0;11;14;0;17;369;0;498;328;0;23;8;0;11;5;0;43;13;0;820;56;0;253;19;0;788;276;0;37;97;0;35;23;0;26;16;0;15;2;0;0;273;5;0;651;26;0;3132;89;0;6118;112;1;738;77;0;408;43;0;274;6032;0;187;6846;0;0
28/05/2021;32344;4901;0;21324;2414;0;11017;2462;0;3;25;0;15790;2448;0;396;51;0;6721;1202;0;322;34;0;1022;174;0;363;77;0;114;13;0;452;17;0;193;23;0;471;80;0;411;27;0;352;165;0;751;16;0;1048;22;0;884;97;0;948;225;0;594;112;0;1097;87;0;164;27;0;255;3;0;0;1057;85;0;2663;359;0;11836;614;0;12941;526;0;1794;1146;0;1095;1029;0;566;576;0;387;565;0;3
27/05/2021;35541;4032;6;24331;2650;2;11210;1381;4;0;1;0;17894;1857;0;359;23;0;6802;1260;0;282;20;0;1173;84;0;171;29;0;68;3;0;684;26;0;121;7;0;720;187;0;1275;76;5;365;40;0;1087;81;0;1161;53;0;979;110;1;684;61;0;130;27;0;1270;48;0;96;37;0;224;0;0;0;999;69;0;2645;276;0;13799;468;1;13692;636;2;2024;1284;1;1178;1010;0;683;171;1;521;118;1;0
26/05/2021;35282;3222;1;25994;1974;0;9227;1247;1;61;1;0;17304;1330;1;371;15;0;7408;1279;0;86;10;0;1260;97;0;239;56;0;309;4;0;862;16;0;44;8;0;1003;118;0;527;9;0;192;2;0;599;67;0;1600;24;0;1242;116;0;392;18;0;773;9;0;610;8;0;363;36;0;98;0;0;0;837;24;0;2316;59;0;14284;197;1;14353;292;0;1688;1024;0;912;1154;0;537;288;0;354;184;0;1
25/05/2021;35272;3726;0;28447;2575;0;6800;1148;0;25;3;0;17153;1230;0;330;39;0;7103;1414;0;122;7;0;1228;190;0;511;54;0;320;1;0;689;41;0;360;23;0;2302;524;0;106;13;0;541;88;0;432;7;0;924;27;0;739;7;0;643;16;0;437;15;0;715;17;0;500;13;0;117;0;0;0;692;14;0;1794;66;0;12454;180;0;17115;216;0;1614;1176;0;842;1613;0;455;346;0;305;114;0;2
24/05/2021;37044;4715;6;29532;3314;6;7508;1400;0;4;1;0;17264;1512;1;90;39;0;6504;1442;1;136;8;0;1124;200;1;315;58;0;160;5;0;407;111;0;575;47;0;2245;681;0;2521;125;1;650;100;0;526;20;0;1770;61;0;707;8;0;155;170;2;735;37;0;767;67;0;318;20;0;79;0;0;0;673;39;0;1596;178;0;11888;346;2;18395;348;1;1971;1019;0;1027;1539;2;671;859;1;823;387;0;0
23/05/2021;1026;444;1;1019;442;1;5;1;0;2;1;0;451;88;0;1;2;0;553;350;1;0;0;0;1;1;0;2;0;0;0;0;0;1;0;0;0;0;0;5;2;0;2;0;0;0;0;0;1;0;0;1;1;0;1;0;0;4;0;0;0;0;0;3;0;0;0;0;0;0;0;0;0;0;0;0;4;0;0;239;4;0;659;3;0;76;160;1;28;237;0;19;40;0;1;0;0;0
22/05/2021;12231;2468;2;12003;2370;2;226;98;0;2;0;0;4643;391;1;234;161;0;2281;1160;0;12;3;0;1265;14;0;13;3;0;1;0;0;18;8;0;404;7;0;96;498;0;441;159;0;11;1;0;21;2;0;20;6;0;1610;20;0;1116;26;0;23;1;0;16;4;1;6;4;0;0;1;0;0;17;7;0;60;36;0;2464;93;0;7804;92;0;1292;750;2;372;1078;0;185;359;0;35;53;0;1
21/05/2021;42933;6553;2;31751;4224;0;11178;2329;2;4;0;0;18824;2151;1;813;19;0;7494;2430;0;528;42;0;1346;41;0;586;29;0;283;8;0;799;39;0;902;44;0;3439;93;0;1546;674;1;218;558;0;247;9;0;771;40;0;2148;41;0;1858;101;0;488;35;0;429;160;0;214;39;0;0;2;0;0;964;52;0;3200;210;1;7417;714;0;17133;1338;0;11063;1908;0;1137;1490;0;875;667;0;1142;174;1;0
20/05/2021;41351;6441;3;35023;4240;1;6300;2201;2;28;0;0;18892;2039;3;800;42;0;6895;2309;0;406;98;0;1157;54;0;247;73;0;307;17;0;730;50;0;757;112;0;3130;140;0;1491;717;0;336;428;0;218;15;0;919;57;0;1834;53;0;1646;93;0;485;57;0;1006;36;0;95;49;0;2;1;0;0;232;38;0;1904;283;0;6587;750;1;19647;1216;1;11540;1587;0;954;1297;0;354;860;0;132;410;1;0
19/05/2021;37558;6451;0;36444;4478;0;1062;1973;0;52;0;0;16046;2383;0;687;25;0;6786;2252;0;309;19;0;1350;29;0;65;24;0;656;15;0;651;23;0;618;38;0;2989;136;0;1084;702;0;64;541;0;56;7;0;1170;16;0;1761;69;0;1439;64;0;340;23;0;1413;35;0;74;50;0;0;1;0;0;16;42;0;83;265;0;3037;634;0;21308;1021;0;11577;1693;0;1032;1482;0;336;1063;0;168;251;0;0
18/05/2021;44564;7342;1;38987;5277;0;5570;2064;1;7;1;0;20191;2745;0;1030;58;0;6884;2296;1;992;93;0;1498;25;0;76;34;0;689;10;0;740;39;0;367;333;0;3140;116;0;1145;663;0;76;561;0;61;23;0;790;42;0;2061;51;0;1925;83;0;1249;43;0;1447;64;0;203;63;0;0;3;0;0;70;70;0;241;339;0;2633;708;0;21502;937;1;15563;1773;0;2137;2094;0;774;1239;0;1641;182;0;0
17/05/2021;48351;4974;0;42711;2866;0;5638;2108;0;2;0;0;19966;1917;0;1247;44;0;7425;1709;0;1009;51;0;1722;40;0;55;12;0;678;24;0;715;156;0;720;80;0;3305;223;0;1617;143;0;598;42;0;1897;91;0;794;66;0;1752;91;0;1996;56;0;1341;31;0;1472;196;0;41;2;0;1;0;0;0;39;66;0;86;347;0;2470;812;0;11341;851;0;26670;986;0;6444;988;0;1055;727;0;245;197;0;1
16/05/2021;582;36;2;581;29;2;0;7;0;1;0;0;261;14;0;2;0;0;312;18;2;0;0;0;1;1;0;0;0;0;0;0;0;0;0;0;0;1;0;0;1;0;1;0;0;1;0;0;0;0;0;1;1;0;1;0;0;1;0;0;1;0;0;0;0;0;0;0;0;0;0;0;0;0;0;0;0;1;0;1;3;0;7;2;0;563;4;2;3;15;0;8;9;0;0;2;0;0
15/05/2021;18341;3093;0;14887;2776;0;3431;316;0;23;1;0;7653;810;0;700;19;0;2366;672;0;19;2;0;1735;422;0;360;13;0;11;1;0;62;10;0;180;185;0;633;28;0;486;820;0;38;29;0;17;3;0;23;1;0;1871;9;0;1482;36;0;656;19;0;37;10;0;12;4;0;0;0;0;0;13;170;0;44;290;0;862;414;0;3495;488;0;9231;610;0;3895;556;0;774;481;0;27;84;0;0
14/05/2021;41169;19217;1;30536;17294;1;10607;1923;0;26;0;0;15028;7094;0;878;643;0;7145;2721;0;919;257;0;1862;705;0;570;886;0;789;50;0;828;142;0;997;290;0;2713;968;0;1260;1005;1;581;117;0;567;1564;0;731;303;0;1749;588;0;1289;988;0;1178;482;0;1377;296;0;708;98;0;20;1;0;0;45;348;0;142;1053;0;2505;2786;0;7831;4755;0;20575;4902;1;6740;2967;0;1850;2194;0;1480;212;0;0
13/05/2021;37866;24715;0;29351;20391;0;8508;4324;0;7;0;0;12641;10819;0;711;747;0;6360;3099;0;851;388;0;1716;917;0;594;663;0;807;149;0;971;201;0;927;360;0;2592;1204;0;1250;1049;0;671;110;0;547;1625;0;860;235;0;1715;709;0;1397;1115;0;1094;573;0;1421;449;0;741;286;0;17;1;1;0;29;337;0;151;1105;0;2082;3386;0;5087;5689;0;15048;5496;0;9819;3818;0;4348;3082;0;1301;1801;0;0
12/05/2021;7133;37334;0;2122;35339;0;4899;1994;0;112;1;0;3489;13287;0;92;434;0;1246;3755;0;87;776;0;498;1460;0;101;1408;0;55;529;0;139;1024;0;96;894;0;373;2977;0;185;1764;0;74;637;0;163;456;0;91;980;0;188;1462;0;78;1899;0;36;1169;0;85;1599;0;57;824;0;0;1;1;0;15;348;0;97;1080;0;786;3147;0;1242;6344;0;1770;9302;0;824;9847;0;707;6954;0;1690;309;0;3
11/05/2021;6403;36618;0;2124;35299;0;4111;1317;0;168;2;0;4709;12310;0;41;643;0;692;3933;0;27;942;0;202;1501;0;62;1395;0;4;534;0;10;1001;0;27;999;0;151;3081;0;102;1640;0;17;612;0;18;662;0;20;442;0;97;1403;0;45;1983;0;104;1133;0;49;1452;0;26;936;0;16;0;0;0;12;214;0;56;857;0;178;2626;0;155;4897;0;1150;7441;0;494;11134;0;1636;9270;0;2721;179;0;1
10/05/2021;7485;36719;0;2066;34836;0;5317;1882;0;102;1;0;5564;12569;0;36;210;0;486;3607;0;68;979;0;186;1450;0;83;1553;0;19;447;0;55;969;0;60;950;0;293;3173;0;152;1816;0;20;607;0;23;610;0;30;456;0;103;1574;0;96;1974;0;82;1137;0;73;1631;0;53;987;0;23;0;0;0;12;69;0;81;443;0;302;1701;0;334;3335;0;588;5375;0;1236;12328;0;2231;13270;0;2701;197;0;1
09/05/2021;22;338;0;13;336;0;1;2;0;8;0;0;11;191;0;0;1;0;8;142;0;0;0;0;0;0;0;0;0;0;0;0;0;0;0;0;0;0;0;0;2;0;0;0;0;0;1;0;1;0;0;0;1;0;1;0;0;0;0;0;0;0;0;1;0;0;0;0;0;0;0;0;0;0;0;0;0;1;0;4;0;0;4;118;0;12;195;0;0;12;0;1;12;0;1;0;0;0
08/05/2021;3713;3400;0;51;3301;0;3566;99;0;96;0;0;3397;1272;0;5;3;0;126;516;0;7;1;0;46;500;0;5;1;0;0;4;0;2;0;0;1;1;0;9;8;0;59;829;0;17;14;0;6;4;0;3;8;0;9;58;0;9;166;0;5;4;0;4;11;0;3;0;0;0;0;1;0;1;2;0;7;78;0;20;187;0;27;587;0;24;950;0;33;826;0;1651;753;0;1950;16;0;0
07/05/2021;9318;9773;0;457;9344;0;8386;429;0;475;0;0;5544;2483;0;25;9;0;488;1743;0;236;109;0;590;667;0;220;284;0;8;7;0;295;156;0;207;615;0;720;1029;0;92;866;0;167;51;0;37;390;0;29;527;0;18;143;0;47;369;0;398;28;0;95;138;0;99;147;0;15;1;0;0;56;137;0;202;524;0;387;1189;0;314;1573;0;196;1746;0;220;2287;0;3401;2192;0;4541;125;0;0
06/05/2021;10056;26519;3;1107;26211;3;8896;308;0;53;0;0;6058;8779;3;23;738;0;622;2941;0;172;818;0;505;1088;0;214;951;0;14;491;0;345;746;0;249;790;0;872;2064;0;29;1186;0;41;364;0;65;1319;0;48;591;0;30;1291;0;229;624;0;425;582;0;100;499;0;15;634;0;23;0;1;0;68;105;0;249;292;0;600;677;1;636;2029;0;192;7206;1;122;9399;1;3434;6698;0;4754;112;0;1
05/05/2021;10563;21866;0;411;21592;0;10011;274;0;141;0;0;6131;7905;0;43;667;0;771;1843;0;194;888;0;517;479;0;224;453;0;15;40;0;448;508;0;276;778;0;883;1083;0;75;1134;0;9;408;0;62;1160;0;38;881;0;65;1090;0;255;671;0;388;791;0;125;626;0;43;461;0;1;1;0;0;13;22;0;36;127;0;457;272;0;697;240;0;223;5556;0;189;9216;0;3821;6290;0;5125;143;0;1
04/05/2021;12089;21892;0;552;20868;0;11468;1024;0;69;0;0;6367;8538;0;85;524;0;1039;1659;0;139;770;0;512;600;0;210;734;0;21;74;0;648;578;0;293;666;0;1181;972;0;212;870;0;20;472;0;127;1080;0;38;567;0;318;965;0;291;755;0;384;814;0;141;691;0;62;538;0;26;0;0;0;21;17;0;100;48;0;733;302;0;932;331;0;203;5357;0;111;8401;0;4278;7253;0;5710;183;0;1
03/05/2021;13291;19313;1;429;18371;0;12804;942;1;58;0;0;6331;9895;0;171;49;0;1336;1475;1;200;520;0;507;1444;0;202;790;0;40;30;0;703;407;0;306;403;0;1207;225;0;467;653;0;79;295;0;238;255;0;203;183;0;227;807;0;377;804;0;403;475;0;152;406;0;142;197;0;0;1;0;0;10;345;0;73;1118;0;469;2423;0;525;2518;0;392;4066;0;206;4787;0;5106;3782;1;6509;274;0;0
02/05/2021;163;18;0;156;9;0;7;9;0;0;0;0;109;7;0;0;0;0;51;10;0;0;0;0;0;0;0;0;0;0;0;0;0;0;0;0;0;0;0;3;1;0;0;0;0;0;0;0;0;0;0;0;0;0;0;0;0;0;0;0;0;0;0;0;0;0;0;0;0;0;0;0;0;2;0;0;6;1;0;22;2;0;11;2;0;66;4;0;47;4;0;9;2;0;0;3;0;0
01/05/2021;25;29;0;15;1;0;8;28;0;2;0;0;8;2;0;3;0;0;1;0;0;0;0;0;0;0;0;0;0;0;0;0;0;0;0;0;0;0;0;0;2;0;1;0;0;0;0;0;0;8;0;0;1;0;10;1;0;0;0;0;0;0;0;2;15;0;0;0;0;0;0;0;0;1;1;0;1;0;0;9;1;0;3;4;0;7;0;0;2;5;0;0;13;0;2;5;0;0
30/04/2021;7962;39833;0;2261;30342;0;5128;9490;0;573;1;0;3779;14132;0;63;1045;0;1678;3979;0;72;1515;0;346;1918;0;46;1042;0;131;289;0;44;1306;0;99;919;0;350;2057;0;37;1387;0;208;819;0;60;2707;0;41;820;0;182;937;0;323;1207;0;85;1695;0;294;1123;0;123;928;0;9;0;0;0;46;1243;0;260;3862;0;553;8120;0;489;8656;0;1095;6364;0;1071;2889;0;2039;3379;0;2409;5320;0;0
29/04/2021;7630;38513;0;2197;30051;0;4834;8460;0;599;2;0;3596;14534;0;43;1050;0;1592;3523;0;51;1390;0;312;1870;0;25;1000;0;76;259;0;20;1029;0;121;791;0;385;1896;0;45;1346;0;77;712;0;89;2575;0;71;892;0;335;937;0;282;1121;0;113;1627;0;274;1127;0;121;834;0;2;0;1;0;32;1202;0;84;3755;0;208;8069;0;475;8646;0;1265;6323;0;1140;2561;0;2060;2536;0;2366;5417;0;3
28/04/2021;7712;36581;0;2149;28192;0;5009;8389;0;554;0;0;3530;13819;0;33;1160;0;1642;3528;0;60;1314;0;525;1507;0;52;826;0;71;245;0;28;1101;0;95;775;0;362;1764;0;59;669;0;87;646;0;66;2542;0;45;1226;0;408;916;0;190;1095;0;103;1793;0;231;1073;0;125;582;0;0;1;2;0;13;991;0;84;3624;0;175;7663;0;328;8246;0;1121;5849;0;1258;2481;0;2185;2016;0;2547;5709;0;0
27/04/2021;7874;37110;0;2606;28812;0;4692;8298;0;576;0;0;3324;14538;0;139;1058;0;1793;3676;0;32;1414;0;604;1577;0;26;906;0;68;241;0;41;1117;0;49;812;0;755;1728;0;60;633;0;140;617;0;13;2513;0;28;703;0;296;913;0;201;1370;0;76;1531;0;182;1060;0;47;703;0;0;0;5;0;13;1021;0;78;3812;0;159;7809;0;222;8470;0;1212;5714;0;1652;2610;0;2050;1867;0;2487;5800;0;3
26/04/2021;8732;36493;0;3091;27907;0;4819;8586;0;822;0;0;3560;15062;0;50;1011;0;1885;3723;0;27;1503;0;667;1590;0;43;872;0;76;249;0;117;1076;0;77;808;0;765;1658;0;57;653;0;160;589;0;19;1874;0;42;694;0;385;926;0;346;1022;0;89;1473;0;284;985;0;79;725;0;4;2;2;0;24;933;0;94;3542;0;205;7473;0;230;8003;0;1019;5649;0;1612;2802;0;2708;2091;0;2838;5998;0;0
25/04/2021;499;18;0;490;18;0;7;0;0;2;0;0;99;11;0;2;0;0;392;5;0;0;0;0;1;0;0;1;0;0;0;0;0;0;0;0;0;0;0;1;0;0;0;2;0;0;0;0;1;0;0;1;0;0;0;0;0;0;0;0;0;0;0;1;0;0;0;0;0;0;0;0;0;0;0;0;1;0;0;2;4;0;4;4;0;175;6;0;267;1;0;48;3;0;2;0;0;0
24/04/2021;9592;12722;1;2496;9636;0;6579;3086;1;517;0;0;1600;6883;0;174;383;0;1363;1187;1;12;7;0;779;1345;0;304;779;0;373;17;0;471;15;0;79;321;0;1705;76;0;432;21;0;14;9;0;9;8;0;103;15;0;13;816;0;31;456;0;1030;228;0;15;21;0;1085;134;0;1;0;0;0;5;58;0;54;260;0;131;590;0;139;694;1;825;2407;0;1196;3474;0;3442;2998;0;3799;2241;0;1
23/04/2021;12013;39123;0;4523;30412;0;6634;8711;0;856;0;0;4078;15724;0;96;1076;0;3061;4792;0;188;1526;0;546;1928;0;47;1106;0;107;303;0;57;833;0;84;659;0;673;2073;0;947;848;0;614;589;0;17;2200;0;297;643;0;62;1012;0;377;788;0;67;1122;0;535;1099;0;157;802;0;3;1;1;0;53;313;0;185;1107;0;581;2482;0;1300;2856;0;1915;7480;0;1606;10083;0;3140;8646;0;3232;6154;0;1
22/04/2021;8949;42207;0;4631;33113;0;3476;9094;0;842;0;0;2620;17292;0;57;1113;0;2912;5089;0;94;1637;0;242;1968;0;71;1126;0;99;296;0;53;898;0;180;731;0;105;2301;0;925;860;0;441;683;0;20;2251;0;60;960;0;128;1047;0;324;892;0;46;1126;0;502;1156;0;70;781;0;0;0;1;0;42;337;0;278;1133;0;697;2643;0;1096;2887;0;1561;7901;0;1417;11076;0;2180;9667;0;1678;6560;0;2
21/04/2021;9420;37136;0;4519;23636;0;3981;13497;0;920;3;0;3132;12672;0;119;1147;0;2868;4469;0;45;1679;0;271;854;0;65;1210;0;45;361;0;47;1024;0;57;977;0;102;2430;0;915;852;0;593;685;0;47;2193;0;28;1416;0;83;1008;0;306;1002;0;72;1320;0;534;1010;0;91;827;0;0;0;2;0;57;241;0;350;981;0;762;2310;0;1196;2792;0;1895;6312;0;1630;8657;0;2076;7316;0;1452;8524;0;3
20/04/2021;10080;35617;0;5312;19707;0;4167;15910;0;601;0;0;3529;13606;0;111;928;0;2871;3970;0;69;1700;0;332;839;0;75;1064;0;41;284;0;51;1251;0;304;372;0;180;2881;0;897;904;0;588;774;0;41;1480;0;45;736;0;64;1416;0;303;1230;0;52;1197;0;427;311;0;100;674;0;0;0;5;0;74;89;0;377;598;0;842;1915;0;1002;1947;0;1885;5772;0;2238;8162;0;2179;7253;0;1483;9872;0;4
19/04/2021;7894;30963;0;2460;19739;0;4536;11223;0;898;1;0;3206;8749;0;41;1024;0;2394;3320;0;44;1653;0;248;737;0;41;1130;0;92;532;0;176;1380;0;189;546;0;162;2855;0;255;1058;0;38;566;0;28;1657;0;70;1210;0;48;1208;0;334;935;0;59;1303;0;414;410;0;54;689;0;2;1;0;0;80;9;0;402;124;0;1038;671;0;954;867;0;963;5213;0;1174;8515;0;1865;7628;0;1417;7936;0;0
18/04/2021;16103;33;0;181;22;0;320;4;0;15602;7;0;1679;4;0;795;16;0;8842;12;0;888;0;0;17;0;0;10;0;0;8;0;0;82;0;0;21;0;0;122;1;0;66;0;0;700;0;0;17;0;0;1405;0;0;1338;0;0;61;0;0;17;0;0;12;0;0;23;0;0;0;0;0;0;1;0;0;5;1;0;3;8;0;12;6;0;18;5;0;1490;8;0;7687;3;0;6887;2;0;0
17/04/2021;25839;9487;0;3071;9339;0;3526;131;0;19242;17;0;5144;4460;0;662;191;0;8692;844;0;1268;13;0;575;988;0;22;610;0;7;22;0;50;58;0;198;170;0;108;565;0;2853;53;0;775;13;0;2530;12;0;1611;10;0;1154;813;0;75;429;0;27;212;0;57;16;0;31;8;0;0;5;0;0;191;0;0;343;7;0;650;17;0;740;18;0;727;2250;0;1319;3710;0;8715;3407;0;13149;78;0;0
16/04/2021;29576;33203;1;18807;33009;1;10749;194;0;20;0;0;10428;13278;1;961;514;0;4210;4500;0;437;1137;0;1298;1462;0;1111;789;0;185;346;0;363;1096;0;519;668;0;1463;2237;0;1598;953;0;257;682;0;1940;339;0;317;383;0;1130;899;0;1525;834;0;767;1220;0;803;1096;0;244;770;0;20;2;0;0;405;25;0;1177;343;0;3037;985;0;5184;556;1;5252;7465;0;3052;12454;0;5001;11349;0;6466;25;0;1
15/04/2021;30868;32782;0;19826;32632;0;11030;149;0;12;1;0;10837;14095;0;889;521;0;3854;3703;0;590;991;0;1468;1112;0;854;841;0;290;360;0;401;1084;0;562;768;0;1614;1898;0;1642;1053;0;233;687;0;2041;469;0;603;636;0;1194;773;0;1695;918;0;820;1115;0;841;1091;0;422;666;0;19;2;0;0;272;22;0;891;211;0;2850;490;0;5282;293;0;5326;7594;0;3708;12662;0;5670;11488;0;6866;22;0;1
14/04/2021;47843;9855;0;37013;8370;0;10827;1485;0;3;0;0;16420;4820;0;662;1284;0;5057;417;0;1040;339;0;2037;27;0;1639;16;0;689;7;0;1256;10;0;1150;32;0;3460;70;0;2370;30;0;798;11;0;758;2253;0;1290;355;0;2070;41;0;2559;62;0;1495;25;0;2103;36;0;990;20;0;0;0;0;0;373;20;0;1159;200;0;3339;547;0;6595;397;0;9675;2045;0;10177;3396;0;9283;2771;0;7237;479;0;5
13/04/2021;47255;9965;0;36824;7698;0;10428;2267;0;3;0;0;15921;5288;0;932;992;0;5207;416;0;1226;346;0;1892;21;0;1642;35;0;677;4;0;1233;8;0;1240;14;0;3591;53;0;2248;19;0;770;8;0;952;2264;0;728;353;0;1958;35;0;2502;39;0;1451;13;0;1921;34;0;1148;23;0;16;1;0;0;228;13;0;941;69;0;2751;333;0;5104;433;0;7657;2180;0;11682;3359;0;10535;2706;0;8354;872;0;2
12/04/2021;45812;7365;0;35488;6920;0;10322;445;0;2;0;0;15642;2337;0;371;1429;0;4772;264;0;1163;341;0;1874;12;0;1719;21;0;596;11;0;1187;16;0;1151;12;0;3693;103;0;2328;21;0;716;15;0;839;2281;0;698;335;0;2043;48;0;2451;24;0;1388;33;0;2050;32;0;1110;30;0;21;4;0;0;67;8;0;427;28;0;1635;226;0;3218;297;0;5353;1794;0;12567;2835;0;13758;2165;0;8779;12;0;4
11/04/2021;360;6;0;357;5;0;1;1;0;2;0;0;198;3;0;0;0;0;149;3;0;0;0;0;0;0;0;0;0;0;0;0;0;5;0;0;0;0;0;2;0;0;1;0;0;2;0;0;0;0;0;1;0;0;1;0;0;1;0;0;0;0;0;0;0;0;0;0;0;0;0;0;0;0;0;0;1;0;0;2;1;0;124;1;0;204;3;0;15;1;0;13;0;0;1;0;0;0
10/04/2021;17890;9132;0;3477;173;0;14413;8959;0;0;0;0;12466;5958;0;434;186;0;1245;1003;0;11;152;0;848;456;0;585;87;0;10;7;0;23;106;0;381;17;0;265;201;0;851;23;0;24;4;0;20;26;0;33;36;0;77;328;0;468;414;0;111;89;0;33;31;0;4;8;0;1;0;0;0;7;26;0;114;152;0;346;1977;0;821;2862;0;1214;2300;0;997;1468;0;7085;314;0;7306;33;0;0
09/04/2021;11757;28003;0;9870;740;0;1886;27263;0;1;0;0;3665;13861;0;27;325;0;2252;4161;0;113;334;0;712;876;0;292;384;0;7;216;0;154;569;0;629;478;0;1073;1258;0;891;999;0;48;325;0;421;718;0;567;609;0;163;688;0;386;551;0;33;659;0;156;702;0;155;290;0;13;0;0;0;164;27;0;584;576;0;1352;6687;0;1782;8997;0;1922;7009;0;2453;3988;0;2777;653;0;723;66;0;0
08/04/2021;27478;21257;0;27462;21249;0;16;8;0;0;0;0;9039;8734;0;793;337;0;3065;2631;0;867;789;0;1116;623;0;988;557;0;499;177;0;739;476;0;796;435;0;2163;1233;0;1232;483;0;391;299;0;1391;1269;0;608;365;0;1348;551;0;639;555;0;610;744;0;514;636;0;657;364;0;23;4;0;0;100;81;0;308;609;0;743;2008;0;2150;2447;0;7581;3185;0;9740;12821;0;6820;98;0;32;7;0;1
07/04/2021;21771;24356;1;21744;24356;1;15;0;0;12;0;0;7806;11172;1;699;470;0;1757;3561;0;899;490;0;490;825;0;457;493;0;50;215;0;504;529;0;756;376;0;1083;1327;0;1126;586;0;422;309;0;1101;714;0;918;606;0;1113;739;0;681;637;0;811;465;0;625;576;0;473;266;0;0;1;0;0;12;43;0;48;470;0;157;1768;0;163;1797;0;5646;1606;1;9409;18664;0;6313;7;0;21;0;0;2
06/04/2021;22886;21214;1;22229;21204;1;656;10;0;1;0;0;8796;10283;1;590;425;0;1649;3249;0;837;327;0;588;705;0;766;282;0;52;217;0;598;551;0;714;370;0;1015;1222;0;916;512;0;525;191;0;1207;512;0;607;307;0;1048;673;0;837;503;0;858;318;0;750;394;0;533;173;0;0;0;0;0;24;50;0;67;319;0;227;1103;0;278;1241;0;5683;1049;0;8968;17445;1;7544;6;0;95;1;0;0
05/04/2021;10750;27561;0;10070;27533;0;679;28;0;1;0;0;6443;11802;0;33;513;0;838;3307;0;513;775;0;54;1125;0;208;671;0;15;222;0;384;694;0;42;385;0;169;1968;0;644;666;0;299;426;0;198;1116;0;97;557;0;27;714;0;43;794;0;269;721;0;390;684;0;84;421;0;0;0;0;0;18;8;0;70;109;0;196;686;0;215;919;0;2546;699;0;4157;25127;0;3335;8;0;213;5;0;0
04/04/2021;6;2;0;4;1;0;2;0;0;0;1;0;2;1;0;2;0;0;2;0;0;0;0;0;0;0;0;0;0;0;0;0;0;0;0;0;0;0;0;0;0;0;0;0;0;0;0;0;0;0;0;0;1;0;0;0;0;0;0;0;0;0;0;0;0;0;0;0;0;0;0;0;0;0;0;0;1;0;0;0;0;0;0;0;0;1;2;0;0;0;0;4;0;0;0;0;0;0
03/04/2021;12319;43;0;8976;33;0;3343;10;0;0;0;0;6655;20;0;26;0;0;914;3;0;30;0;0;1473;1;0;653;2;0;10;0;0;27;0;0;365;0;0;59;0;0;41;1;0;23;0;0;26;1;0;18;0;0;805;9;0;801;4;0;226;2;0;31;0;0;136;0;0;0;1;0;0;338;0;0;1189;3;0;2513;10;0;2628;17;0;1930;3;0;1002;2;0;828;1;0;1890;7;0;0
02/04/2021;40413;8693;0;30769;8661;0;9644;32;0;0;0;0;14010;3521;0;1100;270;0;4074;1426;0;1603;207;0;1977;278;0;1021;158;0;297;70;0;1283;283;0;947;210;0;2116;313;0;1391;267;0;839;109;0;2776;321;0;905;36;0;967;423;0;1249;212;0;1739;176;0;1158;280;0;961;133;0;0;0;0;0;1260;35;0;3929;554;0;8269;2546;0;8755;2671;0;6401;2101;0;2912;779;0;3518;5;0;5369;2;0;0
01/04/2021;39561;8463;0;30837;8450;0;8723;13;0;1;0;0;14808;3345;0;1049;269;0;3601;1509;0;1460;222;0;1908;209;0;995;137;0;261;101;0;1069;220;0;803;229;0;1934;262;0;1407;223;0;761;103;0;2703;354;0;952;155;0;948;406;0;1174;264;0;1692;153;0;1164;191;0;872;111;0;0;2;0;0;1239;31;0;3888;647;0;8330;2359;0;8861;2714;0;6446;2049;0;2610;653;0;2576;2;0;5606;8;0;3
31/03/2021;37552;20332;0;29063;20316;0;8489;16;0;0;0;0;14099;8487;0;1236;540;0;3598;2745;0;1351;589;0;1538;650;0;858;443;0;249;213;0;1127;572;0;822;382;0;1799;826;0;679;523;0;665;300;0;2657;814;0;1245;426;0;934;684;0;1139;528;0;1866;460;0;1110;734;0;580;416;0;0;2;0;0;1016;75;0;3780;1421;0;7937;5180;0;8553;6728;0;5973;5097;0;2474;1821;0;2028;0;0;5789;10;0;0
30/03/2021;38136;13950;0;29402;13930;0;8734;20;0;0;0;0;14808;6058;0;1133;360;0;3874;1973;0;1497;290;0;1617;363;0;892;361;0;245;217;0;1158;371;0;832;291;0;1750;392;0;659;394;0;633;244;0;2651;531;0;726;281;0;947;623;0;1271;381;0;1596;288;0;1098;401;0;749;131;0;0;7;0;0;1061;67;0;3931;960;0;8133;3577;0;8708;4550;0;5865;3520;0;2543;1265;0;1853;0;0;6032;11;0;3
29/03/2021;37021;17248;0;28262;17237;0;8755;11;0;4;0;0;15192;6475;0;1066;474;0;3773;1747;0;1530;711;0;1615;710;0;873;516;0;248;262;0;1084;476;0;830;349;0;1645;1027;0;679;501;0;615;389;0;2057;881;0;666;445;0;961;624;0;916;491;0;1500;524;0;1027;482;0;744;164;0;0;3;0;0;962;47;0;3710;899;0;7749;4083;0;8135;5756;0;5630;4718;0;2653;1736;0;2025;2;0;6153;7;0;1
28/03/2021;8;0;0;4;0;0;4;0;0;0;0;0;2;0;0;1;0;0;1;0;0;0;0;0;0;0;0;0;0;0;0;0;0;1;0;0;0;0;0;0;0;0;0;0;0;1;0;0;1;0;0;0;0;0;0;0;0;1;0;0;0;0;0;0;0;0;0;0;0;0;0;0;0;0;0;0;1;0;0;0;0;0;1;0;0;2;0;0;0;0;0;2;0;0;2;0;0;0
27/03/2021;13156;0;0;9869;0;0;3286;0;0;1;0;0;7046;0;0;383;0;0;1279;0;0;7;0;0;1458;0;0;797;0;0;18;0;0;16;0;0;321;0;0;52;0;0;22;0;0;10;0;0;11;0;0;45;0;0;827;0;0;491;0;0;223;0;0;22;0;0;128;0;0;0;0;0;0;66;0;0;281;0;0;609;0;0;705;0;0;2495;0;0;3539;0;0;3052;0;0;2409;0;0;0
26/03/2021;41142;0;1;32465;0;1;8676;0;0;1;0;0;16321;0;0;1162;0;0;4878;0;0;1651;0;0;1911;0;0;1136;0;0;320;0;0;855;0;0;710;0;0;2296;0;0;864;0;0;669;0;0;2367;0;1;653;0;0;1028;0;0;989;0;0;1162;0;0;1205;0;0;965;0;0;0;1;0;0;351;0;0;1252;0;0;2783;0;0;3130;0;1;7863;0;0;10577;0;0;8970;0;0;6214;0;0;1
25/03/2021;43439;0;0;34307;0;0;9132;0;0;0;0;0;17596;0;0;1174;0;0;5192;0;0;1717;0;0;1993;0;0;1164;0;0;300;0;0;939;0;0;747;0;0;2527;0;0;824;0;0;716;0;0;2367;0;0;997;0;0;1072;0;0;1074;0;0;1163;0;0;1170;0;0;707;0;0;0;1;0;0;353;0;0;1257;0;0;2856;0;0;3098;0;0;8172;0;0;11305;0;0;9748;0;0;6647;0;0;2
24/03/2021;35357;0;0;24878;0;0;10479;0;0;0;0;0;10535;0;0;1211;0;0;4239;0;0;1796;0;0;844;0;0;1169;0;0;310;0;0;1013;0;0;956;0;0;2676;0;0;874;0;0;741;0;0;2324;0;0;1404;0;0;1083;0;0;931;0;0;1371;0;0;1029;0;0;851;0;0;0;2;0;0;252;0;0;976;0;0;2219;0;0;2589;0;0;6227;0;0;8698;0;0;7212;0;0;7180;0;0;2
23/03/2021;36402;0;0;19989;0;0;16413;0;0;0;0;0;13265;0;0;1073;0;0;4555;0;0;1940;0;0;808;0;0;1019;0;0;293;0;0;1273;0;0;410;0;0;2916;0;0;975;0;0;813;0;0;1548;0;0;830;0;0;1285;0;0;1059;0;0;1277;0;0;335;0;0;727;0;0;1;5;0;0;113;0;0;661;0;0;1901;0;0;1965;0;0;5926;0;0;8448;0;0;7441;0;0;9939;0;0;3
22/03/2021;38672;0;1;20733;0;1;17938;0;0;1;0;0;13960;0;1;1059;0;0;3872;0;0;1704;0;0;902;0;0;1354;0;0;619;0;0;1502;0;0;579;0;0;3008;0;0;1124;0;0;634;0;0;1812;0;0;1225;0;0;1451;0;0;1381;0;0;1382;0;0;458;0;0;645;0;0;1;2;0;0;31;0;0;398;0;0;1551;0;0;1722;0;0;6158;0;0;9257;0;1;8334;0;0;11217;0;0;2
21/03/2021;20;0;0;7;0;0;13;0;0;0;0;0;7;0;0;4;0;0;7;0;0;0;0;0;0;0;0;0;0;0;0;0;0;0;0;0;0;0;0;0;0;0;0;0;0;0;0;0;0;0;0;1;0;0;0;0;0;0;0;0;0;0;0;1;0;0;0;0;0;0;0;0;0;0;0;0;0;0;0;1;0;0;1;0;0;1;0;0;4;0;0;5;0;0;8;0;0;0
20/03/2021;12488;0;0;12454;0;0;31;0;0;3;0;0;7210;0;0;213;0;0;987;0;0;13;0;0;1016;0;0;634;0;0;22;0;0;58;0;0;176;0;0;583;0;0;23;0;0;13;0;0;8;0;0;15;0;0;855;0;0;387;0;0;219;0;0;18;0;0;38;0;0;0;0;0;0;3;0;0;11;0;0;44;0;0;38;0;0;2990;0;0;4879;0;0;4510;0;0;13;0;0;0
19/03/2021;36299;0;0;36173;0;0;99;0;0;27;0;0;15741;0;0;485;0;0;4474;0;0;1172;0;0;1494;0;0;804;0;0;367;0;0;1189;0;0;677;0;0;2208;0;0;1192;0;0;741;0;0;331;0;0;378;0;0;910;0;0;814;0;0;1332;0;0;1134;0;0;847;0;0;9;1;0;0;33;0;0;372;0;0;840;0;0;428;0;0;8349;0;0;13734;0;0;12467;0;0;74;0;0;1
18/03/2021;36520;0;0;36293;0;0;226;0;0;1;0;0;17295;0;0;542;0;0;4093;0;0;1034;0;0;1134;0;0;849;0;0;368;0;0;1107;0;0;780;0;0;1988;0;0;854;0;0;708;0;0;470;0;0;618;0;0;778;0;0;949;0;0;1131;0;0;1123;0;0;700;0;0;0;0;0;0;22;0;0;202;0;0;492;0;0;292;0;0;8581;0;0;14109;0;0;12738;0;0;84;0;0;0
17/03/2021;7888;0;0;6432;0;0;1456;0;0;0;0;0;2471;0;0;1417;0;0;402;0;0;349;0;0;22;0;0;22;0;0;4;0;0;22;0;0;35;0;0;75;0;0;28;0;0;13;0;0;2388;0;0;402;0;0;52;0;0;95;0;0;34;0;0;32;0;0;25;0;0;0;0;0;0;25;0;0;349;0;0;1041;0;0;546;0;0;1386;0;0;2243;0;0;1749;0;0;548;0;0;1
16/03/2021;6664;0;0;4649;0;0;2015;0;0;0;0;0;2093;0;0;1005;0;0;299;0;0;352;0;0;10;0;0;4;0;0;1;0;0;5;0;0;12;0;0;32;0;0;8;0;0;1;0;0;2362;0;0;374;0;0;29;0;0;28;0;0;5;0;0;25;0;0;19;0;0;0;0;0;0;14;0;0;56;0;0;265;0;0;415;0;0;1401;0;0;2140;0;0;1614;0;0;759;0;0;0
15/03/2021;11261;0;0;5024;0;0;6237;0;0;0;0;0;4564;0;0;1505;0;0;1425;0;0;345;0;0;18;0;0;12;0;0;10;0;0;89;0;0;16;0;0;47;0;0;338;0;0;7;0;0;2371;0;0;285;0;0;50;0;0;108;0;0;15;0;0;34;0;0;22;0;0;0;0;0;0;14;0;0;178;0;0;1569;0;0;2111;0;0;2781;0;0;2873;0;0;1698;0;0;37;0;0;0
14/03/2021;1;0;0;1;0;0;0;0;0;0;0;0;1;0;0;0;0;0;0;0;0;0;0;0;0;0;0;0;0;0;0;0;0;0;0;0;0;0;0;0;0;0;0;0;0;0;0;0;0;0;0;0;0;0;0;0;0;0;0;0;0;0;0;0;0;0;0;0;0;0;0;0;0;0;0;0;0;0;0;0;0;0;1;0;0;0;0;0;0;0;0;0;0;0;0;0;0;0
13/03/2021;10419;0;0;88;0;0;10330;0;0;1;0;0;6289;0;0;228;0;0;1033;0;0;177;0;0;598;0;0;137;0;0;7;0;0;109;0;0;17;0;0;380;0;0;24;0;0;5;0;0;64;0;0;123;0;0;545;0;0;440;0;0;196;0;0;39;0;0;8;0;0;0;0;0;0;15;0;0;191;0;0;2271;0;0;3311;0;0;2623;0;0;1641;0;0;337;0;0;30;0;0;0
12/03/2021;22712;0;0;804;0;0;21908;0;0;0;0;0;10565;0;0;353;0;0;3104;0;0;353;0;0;766;0;0;336;0;0;215;0;0;505;0;0;474;0;0;1151;0;0;722;0;0;338;0;0;748;0;0;541;0;0;503;0;0;447;0;0;593;0;0;711;0;0;287;0;0;0;0;0;0;40;0;0;433;0;0;5532;0;0;7359;0;0;5670;0;0;3160;0;0;478;0;0;40;0;0;0
11/03/2021;22414;0;0;22404;0;0;8;0;0;2;0;0;9230;0;0;351;0;0;2743;0;0;827;0;0;649;0;0;576;0;0;185;0;0;500;0;0;450;0;0;1277;0;0;514;0;0;347;0;0;1360;0;0;373;0;0;563;0;0;630;0;0;777;0;0;671;0;0;391;0;0;0;0;0;0;88;0;0;660;0;0;2190;0;0;2637;0;0;3425;0;0;13316;0;0;88;0;0;9;0;0;1
10/03/2021;25177;0;0;25174;0;0;3;0;0;0;0;0;11514;0;0;519;0;0;3686;0;0;512;0;0;844;0;0;526;0;0;215;0;0;551;0;0;389;0;0;1353;0;0;607;0;0;325;0;0;739;0;0;621;0;0;754;0;0;655;0;0;485;0;0;595;0;0;287;0;0;0;1;0;0;43;0;0;498;0;0;1842;0;0;1859;0;0;1668;0;0;19252;0;0;10;0;0;2;0;0;2
09/03/2021;21833;0;0;21823;0;0;9;0;0;1;0;0;10608;0;0;447;0;0;3352;0;0;347;0;0;711;0;0;281;0;0;222;0;0;562;0;0;377;0;0;1221;0;0;525;0;0;203;0;0;538;0;0;308;0;0;700;0;0;525;0;0;324;0;0;399;0;0;183;0;0;0;0;0;0;50;0;0;320;0;0;1145;0;0;1281;0;0;1064;0;0;17968;0;0;1;0;0;4;0;0;0
08/03/2021;28142;0;0;28139;0;0;2;0;0;1;0;0;12046;0;0;535;0;0;3346;0;0;801;0;0;1147;0;0;691;0;0;232;0;0;711;0;0;385;0;0;2012;0;0;667;0;0;449;0;0;1146;0;0;559;0;0;740;0;0;817;0;0;738;0;0;693;0;0;427;0;0;0;0;0;0;8;0;0;119;0;0;667;0;0;887;0;0;681;0;0;25770;0;0;3;0;0;6;0;0;1
07/03/2021;8;0;0;0;0;0;8;0;0;0;0;0;7;0;0;0;0;0;0;0;0;0;0;0;0;0;0;0;0;0;0;0;0;0;0;0;0;0;0;1;0;0;0;0;0;0;0;0;0;0;0;0;0;0;0;0;0;0;0;0;0;0;0;0;0;0;0;0;0;0;0;0;0;0;0;0;0;0;0;0;0;0;1;0;0;4;0;0;3;0;0;0;0;0;0;0;0;0
06/03/2021;5;0;0;2;0;0;1;0;0;2;0;0;2;0;0;0;0;0;2;0;0;0;0;0;0;0;0;0;0;0;0;0;0;0;0;0;0;0;0;0;0;0;1;0;0;0;0;0;0;0;0;0;0;0;0;0;0;0;0;0;0;0;0;0;0;0;0;0;0;0;0;0;0;0;0;0;0;0;0;2;0;0;1;0;0;2;0;0;0;0;0;0;0;0;0;0;0;0
05/03/2021;9196;0;0;9190;0;0;6;0;0;0;0;0;3731;0;0;293;0;0;1521;0;0;224;0;0;283;0;0;163;0;0;72;0;0;298;0;0;217;0;0;320;0;0;283;0;0;116;0;0;355;0;0;29;0;0;452;0;0;224;0;0;175;0;0;301;0;0;139;0;0;0;0;0;0;38;0;0;618;0;0;2736;0;0;2816;0;0;2189;0;0;794;0;0;4;0;0;1;0;0;0
04/03/2021;8982;0;0;8978;0;0;4;0;0;0;0;0;3600;0;0;291;0;0;1571;0;0;242;0;0;211;0;0;142;0;0;101;0;0;217;0;0;238;0;0;277;0;0;231;0;0;117;0;0;386;0;0;161;0;0;437;0;0;275;0;0;163;0;0;195;0;0;127;0;0;0;0;0;0;36;0;0;706;0;0;2553;0;0;2864;0;0;2137;0;0;684;0;0;1;0;0;1;0;0;0
03/03/2021;21306;0;1;21299;0;1;7;0;0;0;0;0;8956;0;0;576;0;0;2837;0;0;625;0;0;667;0;0;455;0;0;220;0;0;589;0;0;392;0;0;854;0;1;549;0;0;326;0;0;860;0;0;440;0;0;725;0;0;559;0;0;481;0;0;780;0;0;415;0;0;0;0;0;0;80;0;0;1485;0;0;5456;0;1;7059;0;0;5340;0;0;1881;0;0;1;0;0;3;0;0;1
02/03/2021;14736;0;0;14717;0;0;18;0;0;1;0;0;6350;0;0;416;0;0;2152;0;0;318;0;0;371;0;0;367;0;0;220;0;0;391;0;0;302;0;0;413;0;0;397;0;0;261;0;0;551;0;0;294;0;0;654;0;0;400;0;0;302;0;0;421;0;0;156;0;0;0;0;0;0;69;0;0;1044;0;0;3811;0;0;4798;0;0;3706;0;0;1303;0;0;2;0;0;3;0;0;0
01/03/2021;18029;0;0;18025;0;0;3;0;0;1;0;0;6745;0;0;502;0;0;1843;0;0;764;0;0;720;0;0;533;0;0;264;0;0;499;0;0;357;0;0;1044;0;0;526;0;0;430;0;0;937;0;0;462;0;0;655;0;0;520;0;0;554;0;0;502;0;0;172;0;0;0;0;0;0;49;0;0;957;0;0;4318;0;0;6028;0;0;4880;0;0;1795;0;0;2;0;0;0;0;0;0
28/02/2021;5;0;0;1;0;0;4;0;0;0;0;0;4;0;0;0;0;0;1;0;0;0;0;0;0;0;0;0;0;0;0;0;0;0;0;0;0;0;0;0;0;0;0;0;0;0;0;0;0;0;0;0;0;0;0;0;0;0;0;0;0;0;0;0;0;0;0;0;0;0;0;0;0;0;0;0;0;0;0;1;0;0;1;0;0;0;0;0;2;0;0;1;0;0;0;0;0;0
27/02/2021;372;0;0;372;0;0;0;0;0;0;0;0;156;0;0;8;0;0;64;0;0;4;0;0;6;0;0;5;0;0;1;0;0;3;0;0;2;0;0;24;0;0;11;0;0;0;0;0;25;0;0;4;0;0;24;0;0;10;0;0;12;0;0;12;0;0;1;0;0;0;0;0;0;1;0;0;30;0;0;83;0;0;127;0;0;103;0;0;27;0;0;0;0;0;1;0;0;0
